id_codedep_codecom;Commune;Code departement
01103;CHEVRY;01
06004;ANTIBES;06
06088;NICE;06
06123;SAINT LAURENT DU VAR;06
13005;AUBAGNE;13
13028;LA CIOTAT;13
13208;MARSEILLE 8EME;13
13212;MARSEILLE 12EME;13
14338;HOULGATE;14
14366;LISIEUX;14
17300;LA ROCHELLE;17
25056;BESANCON;25
29232;QUIMPER;29
29260;SAINT RENAN;29
31555;TOULOUSE;31
33063;BORDEAUX;33
33097;CARCANS;33
33449;SAINT MEDARD EN JALLES;33
34145;LUNEL;34
34150;MARSEILLAN;34
34199;PEZENAS;34
37156;MONTLOUIS-SUR-LOIRE;37
37261;TOURS;37
38185;GRENOBLE;38
40266;ST-JULIEN-EN-BORN;40
40328;VIEUX BOUCAU-LES-BAINS;40
44143;REZE;44
44184;SAINT-NAZAIRE;44
51230;EPERNAY;51
54395;NANCY;54
56161;PLOEMEL;56
58194;NEVERS;58
59512;ROUBAIX;59
60057;BEAUVAIS;60
60155;CIRES LES MELLO;60
60159;COMPIEGNE;60
60524;RANTIGNY;60
69149;OULLINS;69
69384;LYON 4EME;69
74119;EVIAN-LES-BAINS;74
74236;SAINT GERVAIS LES BAINS;74
74238;SAINT-JEAN-D'AULPS;74
74278;THYEZ;74
75105;PARIS 05;75
75110;PARIS 10;75
75111;PARIS 11;75
75112;PARIS 12;75
75115;PARIS 15;75
75118;PARIS 18;75
76217;DIEPPE;76
76451;MONT-SAINT-AIGNAN;76
76655;SAINT-VALERY-EN-CAUX;76
77118;CLAYE-SOUILLY;77
78350;LOUVECIENNES;78
78423;MONTIGNY LE BRETONNEUX;78
78545;SAINT-CYR-L ECOLE;78
78551;SAINT-GERMAIN-EN-LAYE;78
78586;SARTROUVILLE;78
78640;VELIZY VILLACOUBLAY;78
83062;LA GARDE;83
83069;HYERES;83
83112;SAINT-CYR-SUR-MER;83
83123;SANARY SUR MER;83
84007;AVIGNON;84
85047;CHALLANS;85
86062;CHASSENEUIL-DU-POITOU;86
86194;POITIERS;86
87075;ISLE;87
87085;LIMOGES;87
91249;FORGES-LES-BAINS;91
91689;WISSOUS;91
92025;COLOMBES;92
92026;COURBEVOIE;92
92036;GENNEVILLIERS;92
92044;LEVALLOIS-PERRET;92
93032;GAGNY;93
93051;NOISY-LE-GRAND;93
93057;LES PAVILLONS-SOUS-BOIS;93
93071;SEVRAN;93
94044;LIMEIL-BREVANNES;94
94060;LA QUEUE-EN-BRIE;94
94080;VINCENNES;94
95252;FRANCONVILLE LA GARENNE;95
95388;MENUCOURT;95
95607;TAVERNY;95
01262;MONTLUEL;01
02408;LAON;02
03190;MOULINS;03
04073;ENCHASTRAYES;04
04166;RIEZ;04
04209;SISTERON;04
06027;CAGNES SUR MER;06
06159;VILLEFRANCHE-SUR-MER;06
10323;ROMILLY SUR SEINE;10
13119;CARNOUX-EN-PROVENCE;13
13201;MARSEILLE 1ER;13
13204;MARSEILLE 4EME;13
13206;MARSEILLE 6EME;13
13209;MARSEILLE 9EME;13
14118;CAEN;14
14333;HONFLEUR;14
14715;TROUVILLE-SUR-MER;14
14754;VILLERS-SUR-MER;14
17414;SAINT-XANDRE;17
22113;LANNION;22
22168;PERROS-GUIREC;22
22278;SAINT-BRIEUC;22
24322;PERIGUEUX;24
25527;SAINT VIT;25
28085;CHARTRES;28
30003;AIGUES-MORTES;30
30007;ALES;30
30133;LE GRAU DU ROI;30
30189;NIMES;30
32013;AUCH;32
33005;ANDERNOS-LES-BAINS;33
33075;BRUGES;33
33550;VILLENAVE D ORNON;33
34023;BALARUC LES BAINS;34
38169;FONTAINE;38
38253;LES DEUX ALPES;38
40046;BISCARROSSE;40
40088;DAX;40
40304;SOORTS-HOSSEGOR;40
42256;SAINT-MARCELLIN-EN-FOREZ;42
44109;NANTES;44
44190;ST SEBASTIEN SUR LOIRE;44
44204;THOUARE-SUR-LOIRE;44
45234;ORLEANS;45
45286;SAINT-JEAN-LE-BLANC;45
50002;AGNEAUX;50
51454;REIMS;51
56062;GAVRES;56
59368;LA MADELEINE;59
59378;MARCQ EN BAROEUL;59
59491;RAISMES;59
60382;MARGNY LES COMPIEGNE;60
60395;MERU;60
62041;ARRAS;62
63300;RIOM;63
69003;ALBIGNY-SUR-SAONE;69
69204;SAINT-GENIS-LAVAL;69
69264;VILLEFRANCHE;69
69389;LYON 9EME;69
70550;VESOUL;70
74014;ARACHES LA FRASSE;74
74249;SAINT-PAUL-EN-CHABLAIS;74
75102;PARIS 02;75
75103;PARIS 03;75
75104;PARIS 04;75
75106;PARIS 06;75
75107;PARIS 07;75
75114;PARIS 14;75
75117;PARIS 17;75
75120;PARIS 20;75
76351;LE HAVRE;76
76447;MONTIVILLIERS;76
77005;ANNET-SUR-MARNE;77
77014;AVON;77
77058;BUSSY-SAINT-GEORGES;77
77059;BUSSY-SAINT-MARTIN;77
77192;FONTENAY-TRESIGNY;77
77259;LONGPERRIER;77
77288;MELUN;77
77379;PROVINS;77
78005;ACHERES;78
78372;MARLY-LE-ROI;78
78383;MAUREPAS;78
78550;SAINT-GERMAIN-DE-LA-GRANGE;78
78621;TRAPPES;78
78646;VERSAILLES;78
82096;LA VILLE DIEU DU TEMPLE;82
83009;BANDOL;83
83034;CARQUEIRANNE;83
83070;LE LAVANDOU;83
85035;BRETIGNOLLES-SUR-MER;85
85127;LONGEVILLE-SUR-MER;85
85194;SABLES-D'OLONNE (LES);85
85262;SAINT-PHILBERT-DE-BOUAINE;85
88372;RAON L ETAPE;88
90010;BELFORT;90
91114;BRUNOY;91
91225;ETIOLLES;91
91326;JUVISY SUR ORGE;91
91377;MASSY;91
91425;MONTLHERY;91
91570;SAINT-MICHEL-SUR-ORGE;91
91589;SAVIGNY-SUR-ORGE;91
92004;ASNIERES-SUR-SEINE;92
92009;BOIS-COLOMBES;92
92012;BOULOGNE-BILLANCOURT;92
92014;BOURG-LA-REINE;92
92022;CHAVILLE;92
92023;CLAMART;92
92048;MEUDON;92
92050;NANTERRE;92
92063;RUEIL-MALMAISON;92
92075;VANVES;92
93001;AUBERVILLIERS;93
93006;BAGNOLET;93
93010;BONDY;93
93048;MONTREUIL;93
94016;CACHAN;94
94022;CHOISY-LE-ROI;94
94033;FONTENAY-SOUS-BOIS;94
94041;IVRY-SUR-SEINE;94
94042;JOINVILLE-LE-PONT;94
94052;NOGENT-SUR-MARNE;94
94068;SAINT-MAUR-DES-FOSSES;94
94071;SUCY-EN-BRIE;94
94076;VILLEJUIF;94
94079;VILLIERS-SUR-MARNE;94
95203;EAUBONNE;95
95218;ERAGNY-SUR-OISE;95
95500;PONTOISE;95
95572;ST OUEN L AUMONE;95
14079;BLONVILLE-SUR-MER;14
74256;SALLANCHES;74
80021;AMIENS;80
82112;MOISSAC;82
91223;ETAMPES;91
01160;FERNEY-VOLTAIRE;01
01288;PERON;01
04070;DIGNE-LES-BAINS;04
06029;CANNES;06
06032;CAP-D AIL;06
06079;MANDELIEU-LA-NAPOULE;06
06083;MENTON;06
10325;ROSIERES PRES TROYES;10
10343;SAINT JULIEN LES VILLAS;10
10362;SAINTE SAVINE;10
11170;GRUISSAN;11
13022;CASSIS;13
13101;SAINT SAVOURNIN;13
13205;MARSEILLE 5EME;13
13207;MARSEILLE 7EME;13
13210;MARSEILLE 10EME;13
14220;DEAUVILLE;14
18033;BOURGES;18
19031;BRIVE LA GAILLARDE;19
2A362;ZONZA;2A
30106;DURFORT-ET-SAINT-MARTIN-DE-;30
31203;FROUZINS;31
33039;BEGLES;33
33514;SOULAC-SUR-MER;33
33522;TALENCE;33
33533;TOULENNE;33
34003;AGDE;34
34079;CLERMONT L HERAULT;34
34157;MEZE;34
34301;SETE;34
35210;PACE;35
35238;RENNES;35
38191;HUEZ;38
38421;SAINT-MARTIN-D'HERES;38
39526;TAVAUX;39
40281;SAINT-PIERRE-DU-MONT;40
40284;ST-VINCENT-DE-TYROSSE;40
40312;TARNOS;40
40317;TOSSE;40
42005;ANDREZIEUX-BOUTHEON;42
42187;ROANNE;42
42332;VILLEREST;42
43157;LE PUY EN VELAY;43
44035;CHAPELLE-SUR-ERDRE (LA);44
44132;PORNICHET;44
44198;SORINIERES (LES);44
45075;LA CHAPELLE ST MESMIN;45
45232;OLIVET;45
45284;ST JEAN DE BRAYE;45
49007;ANGERS;49
49099;CHOLET;49
50147;COUTANCES;50
51108;CHALONS EN CHAMPAGNE;51
54263;HOMECOURT;54
56023;BRECH;56
60342;LAIGNEVILLE;60
60513;PRECY SUR OISE;60
62893;WIMEREUX;62
64102;BAYONNE;64
69089;FRANCHEVILLE;69
69176;SOUCIEU EN JARREST;69
69381;LYON 1ER;69
69383;LYON 3EME;69
72181;LE MANS;72
73257;LES BELLEVILLE;73
74311;VIUZ-EN-SALLAZ;74
75113;PARIS 13;75
75116;PARIS 16;75
77061;CANNES-ECLUSE;77
77079;CHAMPAGNE SUR SEINE;77
77284;MEAUX;77
77285;LE MEE SUR SEINE;77
77307;MONTEVRAIN;77
77419;SAINT-MAMMES;77
77450;SERVON;77
77487;VAUX-LE-PENIL;77
78146;CHATOU;78
78165;CLAYES-SOUS-BOIS (LES);78
78358;MAISONS-LAFFITTE;78
78382;MAURECOURT;78
78481;PECQ (LE);78
80228;LE CROTOY;80
82121;MONTAUBAN;82
83137;TOULON;83
84031;CARPENTRAS;84
85164;NOTRE-DAME-DE-MONTS;85
87161;ST-LEONARD-DE-NOBLAT;87
88160;EPINAL;88
88181;FRAIZE;88
91086;BONDOUFLE;91
91156;CHEPTAINVILLE;91
91174;CORBEIL ESSONNES;91
92002;ANTONY;92
92024;CLICHY;92
92032;FONTENAY-AUX-ROSES;92
92040;ISSY-LES-MOULINEAUX;92
92051;NEUILLY-SUR-SEINE;92
92060;LE PLESSIS-ROBINSON;92
92062;PUTEAUX;92
92072;SEVRES;92
92073;SURESNES;92
93045;LES LILAS;93
93072;STAINS;93
93073;TREMBLAY-EN-FRANCE;93
94002;ALFORTVILLE;94
94004;BOISSY-SAINT-LEGER;94
94018;CHARENTON-LE-PONT;94
94028;CRETEIL;94
94037;GENTILLY;94
94043;LE KREMLIN-BICETRE;94
94074;VALENTON;94
94078;VILLENEUVE-SAINT-GEORGES;94
95039;AUVERS-SUR-OISE;95
95199;DOMONT;95
95219;ERMONT;95
95306;HERBLAY-SUR-SEINE;95
95527;ROISSY-EN-FRANCE;95
01033;VALSERHONE;01
01258;MONTCEAUX;01
01354;ST-GENIS-POUILLY;01
06012;BEAUSOLEIL;06
06033;CARROS;06
06092;PEILLON;06
07019;AUBENAS;07
07042;BOURG-SAINT-ANDEOL;07
07304;SALAVAS;07
11262;NARBONNE;11
11266;PORT-LA-NOUVELLE;11
13202;MARSEILLE 2EME;13
13213;MARSEILLE 13EME;13
25265;GENEUILLE;25
26058;BOURG LES VALENCE;26
26281;ROMANS-SUR-ISERE;26
27299;GRAVIGNY;27
28134;DREUX;28
31066;BESSIERES;31
31113;CASTANET TOLOSAN;31
33051;BIGANOS;33
33081;CADILLAC;33
33249;LORMONT;33
33281;MERIGNAC;33
34108;FRONTIGNAN;34
38186;GRESSE-EN-VERCORS;38
38229;MEYLAN;38
38249;MONTBONNOT-SAINT-MARTIN;38
39470;LES ROUSSES;39
40133;LABENNE;40
42218;SAINT-ETIENNE;42
44162;ST-HERBLAIN;44
45258;PUISEAUX;45
49347;TIERCE;49
53062;CHATEAU-GONTIER-SUR-MAYENNE;53
53073;CONGRIER;53
59220;FACHES THUMESNIL;59
59350;LILLE;59
59410;MONS EN BAROEUL;59
62604;NEUFCHATEL-HARDELOT;62
66004;LES ANGLES;66
69078;DUERNE;69
69081;ECULLY;69
69143;NEUVILLE SUR SAONE;69
69382;LYON 2EME;69
69385;LYON 5EME;69
73235;SAINT FRANCOIS LONGCHAMP;73
73306;VALLOIRE;73
74019;ARGONAY;74
74056;CHAMONIX MONT BLANC;74
75109;PARIS 09;75
77053;BRIE COMTE ROBERT;77
78190;CROISSY SUR SEINE;78
78362;MANTES-LA-VILLE;78
78401;MEULAN-EN-YVELINES;78
83019;BORMES-LES-MIMOSAS;83
83130;SOLLIES-PONT;83
88225;HADOL;88
91201;DRAVEIL;91
93007;LE BLANC-MESNIL;93
93063;ROMAINVILLE;93
94069;ST MAURICE;94
95277;GONESSE;95
95428;MONTMORENCY;95
01143;DIVONNE-LES-BAINS;01
06030;LE CANNET;06
06044;LA COLLE SUR LOUP;06
06094;PEONE;06
06155;VALLAURIS;06
06161;VILLENEUVE-LOUBET;06
10387;TROYES;10
11144;FITOU;11
11202;LEUCATE;11
11379;SIGEAN;11
13215;MARSEILLE 15EME;13
18279;VIERZON;18
29019;BREST;29
2A041;BONIFACIO;2A
2A070;CASAGLIONE;2A
30034;BELLEGARDE;30
33009;ARCACHON;33
33080;CADAUJAC;33
33096;CARBON BLANC;33
33167;FLOIRAC;33
33312;PAREMPUYRE;33
34333;VIC-LA-GARDIOLE;34
35032;BOURGBARRE;35
37122;JOUE LES TOURS;37
40192;MONT-DE-MARSAN;40
40326;VIELLE-ST-GIRONS;40
44069;GUERANDE;44
44074;INDRE;44
44201;SUCE-SUR-ERDRE;44
45285;ST JEAN DE LA RUELLE;45
49015;AVRILLE;49
51573;TINQUEUX;51
54329;LUNEVILLE;54
56083;HENNEBONT;56
56107;LARMOR-PLAGE;56
56121;LORIENT;56
59009;VILLENEUVE-D'ASCQ;59
59271;GRANDE-SYNTHE;59
59367;LYS LEZ LANNOY;59
60157;CLERMONT;60
60509;PONT STE MAXENCE;60
60684;VILLERS ST PAUL;60
64260;HENDAYE;64
69096;GRIGNY;69
69243;TARARE;69
69278;GENAY;69
74083;COMBLOUX;74
74264;SCIONZIER;74
75119;PARIS 19;75
77169;EMERAINVILLE;77
77326;NANDY;77
77373;PONTAULT COMBAULT;77
77438;SAINT THIBAULT DES VIGNES;77
77445;SAVIGNY-LE-TEMPLE;77
77468;TORCY;77
77470;TOURNAN-EN-BRIE;77
77514;VILLEPARISIS;77
78015;ANDRESY;78
78092;BOUGIVAL;78
78172;CONFLANS SAINTE HONORINE;78
78217;EPONE;78
78466;ORGEVAL;78
78490;PLAISIR;78
78686;VIROFLAY;78
81004;ALBI;81
85288;TALMONT-SAINT-HILAIRE;85
87187;ST YRIEIX LA PERCHE;87
91027;ATHIS MONS;91
91085;BOISSY-SOUS-SAINT-YON;91
91228;EVRY-COURCOURONNES;91
91272;GIF SUR YVETTE;91
91363;MARCOUSSIS;91
91549;SAINTE-GENEVIEVE-DES-BOIS;91
91631;VARENNES-JARCY;91
91691;YERRES;91
92019;CHATENAY-MALABRY;92
92020;CHATILLON;92
92035;LA GARENNE-COLOMBES;92
92049;MONTROUGE;92
93008;BOBIGNY;93
93031;EPINAY SUR SEINE;93
93049;NEUILLY-PLAISANCE;93
93066;SAINT-DENIS;93
93074;VAUJOURS;93
94015;BRY-SUR-MARNE;94
94046;MAISONS-ALFORT;94
95060;BESSANCOURT;95
95127;CERGY;95
95205;ECOUEN;95
95491;PLESSIS-BOUCHARD (LE);95
972226;SAINTE ANNE;972
01173;GEX;01
06114;SAINT-ANDRE DE LA ROCHE;06
13086;ROQUEVAIRE;13
14225;DIVES-SUR-MER;14
24037;BERGERAC;24
2A004;AJACCIO;2A
2A139;LECCI;2A
30334;UZES;30
33199;GUJAN MESTRAS;33
33236;LEGE-CAP-FERRET;33
35093;DINARD;35
35226;PLEUGUENEUC;35
37195;LA RICHE;37
38384;SAINT-ETIENNE-DE-SAINT-GEOIRS;38
38485;SEYSSINET-PARISET;38
40296;SEIGNOSSE;40
41018;BLOIS;41
42299;SAVIGNEUX;42
44047;COUERON;44
50197;GAVRAY-SUR-SIENNE;50
56007;AURAY;56
59139;CAUDRY;59
59178;DOUAI;59
59250;FOURNES-EN-WEPPES;59
60175;CREIL;60
60414;MONTATAIRE;60
60612;SENLIS;60
66003;AMELIE LES BAINS;66
69088;FONTAINES SUR SAONE;69
69163;QUINCIEUX;69
73008;AIX LES BAINS;73
73109;EPIERRE;73
73150;LA PLAGNE TARENTAISE;73
74189;MONT-SAXONNEX;74
75101;PARIS 01;75
76341;HARFLEUR;76
77096;CHARTRETTES;77
77108;CHELLES;77
77152;DAMMARIE LES LYS;77
77186;FONTAINEBLEAU;77
77251;LIEUSAINT;77
77385;REBAIS;77
77449;SERRIS;77
78124;CARRIERES SUR SEINE;78
78158;LE CHESNAY-ROCQUENCOURT;78
78297;GUYANCOURT;78
78311;HOUILLES;78
78380;MAULE;78
78396;MESNIL-LE-ROI (LE);78
78650;VESINET (LE);78
83016;LE BEAUSSET;83
83027;LA CADIERE D AZUR;83
83126;LA SEYNE SUR MER;83
83144;LA VALETTE DU VAR;83
83153;SAINT-MANDRIER-SUR-MER;83
84147;VILLELAURE;84
91421;MONTGERON;91
91477;PALAISEAU;91
91600;SOISY-SUR-SEINE;91
91657;VIGNEUX SUR SEINE;91
91685;VILLIERS-SUR-ORGE;91
92064;SAINT-CLOUD;92
93013;LE BOURGET;93
93046;LIVRY-GARGAN;93
93064;ROSNY-SOUS-BOIS;93
93070;SAINT-OUEN-SUR-SEINE;93
94047;MANDRES-LES-ROSES;94
94059;LE PLESSIS-TREVISE;94
94065;RUNGIS;94
94081;VITRY-SUR-SEINE;94
95056;BELLOY-EN-FRANCE;95
95256;FREPILLON;95
95424;MONTIGNY LES CORMEILLES;95
95452;NOINTEL;95
972229;SCHOELCHER;972
01244;MEXIMIEUX;01
02722;SOISSONS;02
06057;L'ESCARENE;06
06084;MOUANS-SARTOUX;06
06108;LA ROQUETTE SUR SIAGNE;06
06120;SAINT-ETIENNE-DE-TINEE;06
07100;GRAVIERES;07
07259;SAINT-JUST-D'ARDECHE;07
10333;SAINT ANDRE LES VERGERS;10
13203;MARSEILLE 3EME;13
17415;SAINTES;17
17421;SAUJON;17
22136;LOUDEAC;22
25084;BOUSSIERES;25
26064;CHABEUIL;26
30062;CALVISSON;30
31116;CASTELGINEST;31
33119;CENON;33
33318;PESSAC;33
33376;SAINT AUBIN DE MEDOC;33
33529;LA TESTE-DE-BUCH;33
34032;BEZIERS;34
34039;BOUZIGUES;34
34152;MAS-DE-LONDRES;34
34307;SUSSARGUES;34
34324;VALRAS-PLAGE;34
34327;VENDARGUES;34
35288;SAINT-MALO;35
37109;FONDETTES;37
38179;GIERES;38
38225;AUTRANS-MEAUDRE EN VERCORS;38
38563;VOIRON;38
39097;CHAMPAGNOLE;39
39198;DOLE;39
40065;CAPBRETON;40
40279;ST-PAUL-LES-DAX;40
41269;VENDOME;41
42052;CHARLIEU;42
42095;FIRMINY;42
42184;RIORGES;42
42225;GENILAC;42
44055;LA BAULE-ESCOUBLAC;44
44135;LE POULIGUEN;44
45028;BEAUGENCY;45
45146;LA FERTE SAINT-AUBIN;45
45155;GIEN;45
50129;CHERBOURG-EN-COTENTIN;50
50218;GRANVILLE;50
50502;SAINT-LO;50
54099;VAL DE BRIEY;54
54323;LONGWY;54
56078;GUIDEL;56
56114;LOCMARIA;56
56169;PLOUHINEC;56
60088;BORNEL;60
60234;FITZ JAMES;60
60463;NOGENT SUR OISE;60
60601;ST VAAST LES MELLO;60
63380;SAINT-NECTAIRE;63
64024;ANGLET;64
66020;BOLQUERE;66
69034;CALUIRE ET CUIRE;69
69069;CRAPONNE;69
69072;DARDILLY;69
69142;LA MULATIERE;69
69283;MIONS;69
70310;LURE;70
71310;MONTCHANIN;71
72260;RUAUDIN;72
73011;ALBERTVILLE;73
74215;PRAZ SUR ARLY;74
74224;LA ROCHE SUR FORON;74
74266;SERVOZ;74
74276;TANINGES;74
75108;PARIS 08;75
76711;LE TREPORT;76
77083;CHAMPS-SUR-MARNE;77
77201;GASTINS;77
77249;LESIGNY;77
77316;MORET-LOING-ET-ORVANNE;77
77325;MOUY-SUR-SEINE;77
77430;SAINT-PATHUS;77
78073;BOIS D ARCY;78
78208;ELANCOURT;78
78322;JOUY EN JOSAS;78
78418;MONTESSON;78
78440;MUREAUX (LES);78
78624;TRIEL SUR SEINE;78
79202;PARTHENAY;79
80333;FORT-MAHON-PLAGE;80
82033;CASTELSARRASIN;82
85084;ESSARTS EN BOCAGE;85
85226;SAINT-HILAIRE-DE-RIEZ;85
85234;SAINT-JEAN-DE-MONTS;85
89287;PARON;89
90075;OFFEMONT;90
91064;BIEVRES;91
91097;BOUSSY-SAINT-ANTOINE;91
91103;BRETIGNY SUR ORGE;91
91161;CHILLY MAZARIN;91
91191;CROSNE;91
91226;ETRECHY;91
91339;LINAS;91
91345;LONGJUMEAU;91
91432;MORANGIS;91
91471;ORSAY;91
92076;VAUCRESSON;92
92077;VILLE-D'AVRAY;92
93014;CLICHY SOUS BOIS;93
93029;DRANCY;93
93039;L'ILE-SAINT-DENIS;93
93053;NOISY-LE-SEC;93
93055;PANTIN;93
93062;LE RAINCY;93
94001;ABLON-SUR-SEINE;94
94019;CHENNEVIERES SUR MARNE;94
94054;ORLY;94
94056;PERIGNY;94
94073;THIAIS;94
95488;PIERRELAYE;95
95555;ST GRATIEN;95
972205;CASE PILOTE;972
972209;FORT DE FRANCE;972
972231;TROIS ILETS;972
04126;MONTCLAR;04
22050;DINAN;22
22093;LAMBALLE-ARMOR;22
23176;LA SOUTERRAINE;23
25293;GRANGES NARBOZ;25
31582;VILLEFRANCHE-DE-LAURAGAIS;31
34172;MONTPELLIER;34
39478;SAINT-CLAUDE;39
45068;CHALETTE-SUR-LOING;45
45169;INGRE;45
60482;ORRY LA VILLE;60
62004;ACHICOURT;62
62826;LE TOUQUET PARIS PLAGE;62
69387;LYON 7EME;69
71263;LOUHANS;71
77305;MONTEREAU FAULT YONNE;77
78118;BUCHELAY;78
83100;PUGET-VILLE;83
85011;BARBATRE;85
89380;SAVIGNY SUR CLAIRIS;89
91099;BOUTIGNY-SUR-ESSONNE;91
93078;VILLEPINTE;93
95229;EZANVILLE;95
2A008;ALBITRECCIA;2A
01030;BEAUREGARD;01
01034;BELLEY;01
06153;VALDEBLORE;06
07324;TOURNON-SUR-RHONE;07
11145;FLEURY D AUDE;11
13070;LA PENNE SUR HUVEAUNE;13
13216;MARSEILLE 16EME;13
16291;RUELLE-SUR-TOUVRE;16
26213;MORAS-EN-VALLOIRE;26
28168;GALLARDON;28
2A130;GROSSETO-PRUGNA;2A
33192;GRADIGNAN;33
34075;CESSERAS;34
35024;BETTON;35
35206;NOYAL-CHATILLON-SUR-SEICHE;35
40004;ANGRESSE;40
42271;SAINT-PAUL-EN-JAREZ;42
44009;BASSE-GOULAINE;44
44188;ST-PHILBERT-DE-GRAND-LIEU;44
44215;VERTOU;44
45006;ARDON;45
49328;SAUMUR;49
59017;ARMENTIERES;59
59421;MOUVAUX;59
60197;DIEUDONNE;60
62261;CUCQ;62
69063;COLLONGES-AU-MONT- D OR;69
69282;MEYZIEU;69
71106;CHAROLLES;71
73249;SAINT-JEOIRE-PRIEURE;73
74012;ANNEMASSE;74
76164;RIVES-EN-SEINE;76
76212;DARNETAL;76
77067;CESSON;77
77082;CHAMPEAUX;77
77183;LA FERTE SOUS JOUARRE;77
78498;POISSY;78
78517;RAMBOUILLET;78
83071;LA LONDE LES MAURES;83
83090;OLLIOULES;83
83098;LE PRADET;83
85018;BEAUVOIR-SUR-MER;85
89464;VILLENEUVE SUR YONNE;89
91659;VILLABE;91
92033;GARCHES;92
92071;SCEAUX;92
93027;LA COURNEUVE;93
93050;NEUILLY-SUR-MARNE;93
93061;LE PRE-SAINT-GERVAIS;93
94067;SAINT-MANDE;94
95051;BEAUCHAMP;95
95052;BEAUMONT-SUR-OISE;95
95210;ENGHIEN LES BAINS;95
95268;GARGES-LES-GONESSE;95
95280;GOUSSAINVILLE;95
95313;L'ISLE-ADAM;95
971127;SAINT MARTIN;971
01443;VILLARS-LES-DOMBES;01
06011;BEAULIEU SUR MER;06
06073;ISOLA;06
06085;MOUGINS;06
06127;SAINT-MARTIN-VESUBIE;06
07331;VALS-LES-BAINS;07
11069;CARCASSONNE;11
13085;ROQUEFORT LA BEDOULE;13
16015;ANGOULEME;16
22209;BEAUSSAIS-SUR-MER;22
22215;PLOUFRAGAN;22
26057;BOURG-DE-PEAGE;26
28110;LE COUDRAY;28
2A247;PORTO-VECCHIO;2A
30128;GENERAC;30
33203;HOURTIN;33
34255;SAINT-GELY-DU-FESC;34
38337;RIVES;38
38474;SASSENAGE;38
38548;VILLARD-DE-LANS;38
40310;SOUSTONS;40
42207;SAINT-CHAMOND;42
42242;SAINT-JOSEPH;42
44209;TREILLIERES;44
44210;TRIGNAC;44
45191;LE MALESHERBOIS;45
50481;SAINT-GERMAIN-SUR-AY;50
54184;ESSEY LES NANCY;54
56124;MALESTROIT;56
59163;CROIX;59
62108;BERCK;62
64483;SAINT-JEAN-DE-LUZ;64
69091;GIVORS;69
69241;TALUYERS;69
72132;LA FERTE BERNARD;72
74026;LA BALME DE SILLINGY;74
77350;OZOIR LA FERRIERE;77
78224;ETANG-LA-VILLE (L );78
83061;FREJUS;83
85191;ROCHE SUR YON (LA);85
88349;PLAINFAING;88
89024;AUXERRE;89
91579;SAINT-VRAIN;91
94011;BONNEUIL-SUR-MARNE;94
94034;FRESNES;94
94038;L'HAY-LES-ROSES;94
95288;GROSLAY;95
95430;MONTSOULT;95
95539;SAINT-BRICE-SOUS-FORET;95
95582;SANNOIS;95
95585;SARCELLES;95
972217;MARIN;972
02691;SAINT QUENTIN;02
04205;SEYNE;04
06054;DRAP;06
06126;SAINT-MARTIN-DU-VAR;06
06136;SOSPEL;06
07281;SAINT-PERAY;07
11441;VINASSAN;11
13007;AURIOL;13
13075;PLAN DE CUQUES;13
17200;LAGORD;17
25462;PONTARLIER;25
30351;VILLENEUVE LES AVIGNON;30
33011;ARES;33
33200;LE HAILLAN;33
33424;SAINT LAURENT MEDOC;33
34113;GIGEAN;34
35047;BRUZ;35
35135;IRODOUER;35
35173;MELESSE;35
35228;PLEURTUIT;35
35353;VEZIN-LE-COQUET;35
38516;LA TRONCHE;38
40157;LIT ET MIXE;40
40187;MOLIETS-ET-MAA;40
40195;MONTGAILLARD;40
40209;ONDRES;40
40224;PEYREHORADE;40
42248;SAINT-JUST-EN-CHEVALET;42
44002;AIGREFEUILLE SUR MAINE;44
44010;BATZ-SUR-MER;44
44012;LA BERNERIE EN RETZ;44
45208;MONTARGIS;45
47201;LE PASSAGE;47
49050;BRISSAC LOIRE AUBANCE;49
50025;AVRANCHES;50
54533;TRIEUX;54
56005;ARZON;56
56034;CARNAC;56
56258;LA TRINITE SUR MER;56
59328;LAMBERSART;59
59653;WAVRIN;59
60578;SAINTINES;60
63178;ISSOIRE;63
66008;ARGELES SUR MER;66
69064;CONDRIEU;69
69121;LOZANNE;69
69289;SAINT-PIERRE-DE-CHANDIEU;69
69386;LYON 6EME;69
74042;BONNEVILLE;74
74133;GAILLARD;74
77222;GUIGNES;77
77243;LAGNY-SUR-MARNE;77
78128;CERNAY-LA-VILLE;78
78246;FONTENAY-SAINT-PERE;78
78397;MESNIL-SAINT-DENIS (LE);78
79114;EXIREUIL;79
80212;CORBIE;80
80253;DOULLENS;80
85222;SAINT-GILLES-CROIX-DE-VIE;85
89346;ST GEORGES SUR BAULCHE;89
91207;EGLY;91
91386;MENNECY;91
91577;SAINTRY-SUR-SEINE;91
92046;MALAKOFF;92
93005;AULNAY SOUS BOIS;93
93015;COUBRON;93
94021;CHEVILLY-LARUE;94
94058;LE PERREUX-SUR-MARNE;94
94077;VILLENEUVE-LE-ROI;94
95323;JOUY-LE-MOUTIER;95
01138;CULOZ;01
01194;JASSANS-RIOTTIER;01
01399;SEGNY;01
02173;CHAUNY;02
04176;SAINTE CROIX DU VERDON;04
05046;EMBRUN;05
05084;MONTGARDIN;05
06104;ROQUEBRUNE CAP MARTIN;06
07010;ANNONAY;07
07055;CHARMES-SUR-RHONE;07
13214;MARSEILLE 14EME;13
14699;TOUQUES;14
16374;SOYAUX;16
25321;VILLERS LE LAC;25
27502;RUGLES;27
29046;DOUARNENEZ;29
2A018;ARBELLARA;2A
30141;LAUDUN-L ARDOISE;30
30341;VAUVERT;30
31044;BALMA;31
34111;GANGES;34
39510;SEPTMONCEL LES MOLUNES;39
42059;CHAZELLES SUR LYON;42
44087;MACHECOUL-SAINT-MEME;44
45072;CHANTEAU;45
45224;NEUVILLE-AUX-BOIS;45
51217;DORMANS;51
54205;FOUG;54
54274;JARVILLE LA MALGRANGE;54
58303;VARENNES-VAUZELLES;58
60360;LIANCOURT;60
62019;AIX NOULETTE;62
69013;ARNAS;69
69244;TASSIN-LA-DEMI-LUNE;69
69248;THIZY LES BOURGS;69
69275;DECINES-CHARPIEU;69
69297;TERNAY;69
70285;HERICOURT;70
71076;CHALON-SUR-SAONE;71
71543;TOURNUS;71
74081;CLUSES;74
74164;MARIGNIER;74
74205;ONNION;74
74288;VALLEIRY;74
76057;BARENTIN;76
77122;COMBS LA VILLE;77
77131;COULOMMIERS;77
77215;GRETZ-ARMAINVILLIERS;77
77337;NOISIEL;77
77389;ROCHETTE(LA);77
77407;SAINT-FARGEAU-PONTHIERRY;77
77483;VARREDDES;77
78356;MAGNY-LES-HAMEAUX;78
78502;PORT-MARLY (LE);78
82161;ST-ETIENNE-DE-TULMONT;82
83050;DRAGUIGNAN;83
83129;SIX-FOURS-LES-PLAGES;83
84003;APT;84
85092;FONTENAY-LE-COMTE;85
85146;MONTAIGU-VENDEE;85
85163;NOIRMOUTIER-EN-L'ILE;85
88177;LA FORGE;88
88209;GOLBEY;88
91179;COUDRAY-MONTCEAUX (LE);91
91553;SAINT-GERMAIN-LES-CORBEIL;91
92007;BAGNEUX;92
94017;CHAMPIGNY-SUR-MARNE;94
94075;VILLECRESNES;94
95019;ARNOUVILLE;95
04102;LE LAUZET UBAYE;04
06048;CONTES;06
06157;VENCE;06
08409;SEDAN;08
14514;PONT-L EVEQUE;14
22179;FREHEL;22
22339;TADEN;22
26362;VALENCE;26
27230;EZY SUR EURE;27
2A228;PIETROSELLA;2A
2A249;PROPRIANO;2A
30169;MILHAUD;30
33214;LACANAU;33
37208;SAINT AVERTIN;37
37214;SAINT CYR SUR LOIRE;37
40261;ST-GEOURS-MAREMNE;40
40287;SANGUINET;40
44015;BLAIN;44
44211;LA TURBALLE;44
51210;DIZY;51
54482;SAINT MAX;54
54547;VANDOEUVRE LES NANCY;54
56162;PLOEMEUR;56
58134;IMPHY;58
59462;PHALEMPIN;59
62014;AIRE-SUR-LA-LYS;62
62758;ST MARTIN BOULOGNE;62
64122;BIARRITZ;64
69004;ALIX;69
69202;SAINTE FOY LES LYON;69
71014;AUTUN;71
71404;SAINT-DESERT;71
73290;VAL CENIS;73
73307;VALMEINIER;73
76596;SAINT-LAURENT-DE-BREVEDENT;76
77327;NANGIS;77
77377;PRESLES-EN-BRIE;77
78123;CARRIERES SOUS POISSY;78
78242;FONTENAY LE FLEURY;78
78335;LIMAY;78
78361;MANTES-LA-JOLIE;78
78402;MEZIERES-SUR-SEINE;78
78642;VERNEUIL SUR SEINE;78
78674;VILLEPREUX;78
83029;CALLIAN;83
88341;PAIR-ET-GRANDRUPT;88
91021;ARPAJON;91
91111;BRIIS-SOUS-FORGES;91
91122;BURES SUR YVETTE;91
91338;LIMOURS;91
91687;VIRY CHATILLON;91
95063;BEZONS;95
95197;DEUIL LA BARRE;95
62139;BLENDECQUES;62
70311;LUXEUIL-LES-BAINS;70
78537;SAINT-ARNOULT-EN-YVELINES;78
04006;ALLOS;04
04019;BARCELONNETTE;04
04039;CASTELLANE;04
05153;SAINT-MICHEL-DE-CHAILLOL;05
06069;GRASSE;06
08105;CHARLEVILLE-MEZIERES;08
08362;RETHEL;08
10081;LA CHAPELLE ST LUC;10
22054;ERQUY;22
23096;GUERET;23
25494;ROCHEJEAN;25
2A272;SARTENE;2A
31149;COLOMIERS;31
31186;FONBEAUZARD;31
31396;NAILLOUX;31
33243;LIBOURNE;33
33483;ST SULPICE ET CAMEYRAC;33
35287;SAINT-LUNAIRE;35
37018;BALLAN MIRE;37
38503;LA TERRASSE;38
42103;LA GRAND-CROIX;42
44020;BOUGUENAIS;44
51030;AY-CHAMPAGNE;51
54234;GORCY;54
54339;MALZEVILLE;54
54578;VILLERS LES NANCY;54
59329;LAMBRES LEZ DOUAI;59
59508;RONCQ;59
60141;CHANTILLY;60
69027;BRIGNAIS;69
69071;CURIS-AU-MONT-D'OR;69
69199;ST FONS;69
69266;VILLEURBANNE;69
69286;RILLIEUX-LA-PAPE;69
71270;MACON;71
74085;LES CONTAMINES MONTJOIE;74
77022;BARBIZON;77
77100;CHATELET-EN-BRIE (LE);77
77372;POMPONNE;77
77513;VILLENOY;77
78126;CELLE-SAINT-CLOUD (LA);78
83054;LA FARLEDE;83
85294;TRANCHE-SUR-MER (LA);85
88500;VENTRON;88
88516;VITTEL;88
89387;SENS;89
90009;BEAUCOURT;90
91045;BALLANCOURT-SUR-ESSONNE;91
91573;SAINT-PIERRE-DU-PERRAY;91
93033;GOURNAY SUR MARNE;93
95091;BOUFFEMONT;95
95176;CORMEILLES-EN-PARISIS;95
95392;MERIEL;95
95563;ST LEU LA FORET;95
972207;DUCOS;972
04049;CHATEAU-ARNOUX-SAINT-AUBAN;04
06149;LA TRINITE;06
13016;LA BOUILLADISSE;13
13033;ENSUES-LA-REDONNE;13
13036;EYRAGUES;13
28229;MAINVILLIERS;28
30082;CLARENSAC;30
33013;ARTIGUES-PRES-BORDEAUX;33
33069;LE BOUSCAT;33
35055;CHANTEPIE;35
35360;VITRE;35
38151;ECHIROLLES;38
42189;ROCHE-LA-MOLIERE;42
44154;SAINT BREVIN LES PINS;44
49092;CHEMILLE-EN-ANJOU;49
54431;PONT A MOUSSON;54
56118;LOCMIQUELIC;56
56186;QUIBERON;56
60142;LA CHAPELLE EN SERVAL;60
60644;TRIE CHATEAU;60
69007;AMPUIS;69
76410;MAROMME;76
77121;COLLEGIEN;77
77390;ROISSY-EN-BRIE;77
78310;HOUDAN;78
78643;VERNOUILLET;78
83053;EVENOS;83
83068;GRIMAUD;83
88087;CHANTRAINE;88
91244;FONTENAY-LE-VICOMTE;91
91286;GRIGNY;91
91521;RIS-ORANGIS;91
91692;LES ULIS;91
94053;NOISEAU;94
01071;CESSY;01
04096;JAUSIERS;04
05177;VARS;05
06018;BIOT;06
10382;TRAINEL;10
13002;ALLAUCH;13
13031;LA DESTROUSSE;13
22379;TREVOU-TREGUIGNEC;22
28391;TOURY;28
2A021;ARGIUSTA-MORICCIO;2A
2A276;SERRA-DI-FERRO;2A
30060;CAISSARGUES;30
31182;FENOUILLET;31
33140;CREON;33
35066;CHARTRES-DE-BRETAGNE;35
35076;CHAVAGNE;35
35096;DOMAGNE;35
35236;REDON;35
38150;DOMENE;38
40211;ORIST;40
42019;BOEN-SUR-LIGNON;42
42183;LA RICAMARIE;42
43224;SAINTE-SIGOLENE;43
49353;TRELAZE;49
59360;LOOS;59
59599;TOURCOING;59
60176;CREPY EN VALOIS;60
60446;NANTEUIL LE HAUDOUIN;60
60589;ST MAXIMIN;60
65481;BAREGES;65
69115;LIMAS;69
69259;VENISSIEUX;69
74010;ANNECY;74
76758;YVETOT;76
77153;DAMMARTIN-EN-GOELE;77
77202;GENEVRAYE (LA);77
77384;REAU;77
78314;ISSOU;78
78442;NEAUPHLE-LE-CHATEAU;78
78455;NOISY LE ROI;78
78616;THOIRY;78
80016;ALBERT;80
80685;ROYE;80
81065;CASTRES;81
81145;LISLE-SUR-TARN;81
83047;LA CRAU;83
84054;L ISLE SUR LA SORGUE;84
87014;BESSINES-SUR-GARTEMPE;87
88531;XONRUPT-LONGEMER;88
91458;NOZAY;91
91599;SOISY-SUR-ECOLE;91
93077;VILLEMOMBLE;93
95018;ARGENTEUIL;95
95177;CORMEILLES-EN-VEXIN;95
95257;LA FRETTE-SUR-SEINE;95
01202;LAGNIEU;01
04189;SAINT-MARTIN-DE-BROMES;04
06059;EZE;06
07102;GUILHERAND-GRANGES;07
10033;BAR SUR AUBE;10
13211;MARSEILLE 11EME;13
17274;PERIGNY;17
22282;SAINT-CAST-LE-GUILDO;22
22362;TREGUIER;22
24520;SARLAT-LA-CANEDA;24
24557;TRELISSAC;24
25434;ORNANS;25
30047;BOUILLARGUES;30
31557;TOURNEFEUILLE;31
33311;PAILLET;33
34022;BAILLARGUES;34
35196;MORDELLES;35
35281;ST JACQUES DE LA LANDE;35
37050;CHAMBRAY LES TOURS;37
42156;NEULISE;42
45179;LAILLY EN VAL;45
48095;MENDE;48
60584;ST LEU D ESSERENT;60
62764;SAINT-NICOLAS;62
65025;ARGELES-GAZOST;65
66171;SAINT-CYPRIEN;66
69206;SAINT GEORGES DE RENEINS;69
74134;LES GETS;74
74173;MEGEVE;74
76026;ARQUES-LA-BATAILLE;76
77333;NEMOURS;77
78381;MAULETTE;78
84092;LE PONTET;84
86070;CHAUVIGNY;86
88196;GERARDMER;88
91200;DOURDAN;91
91469;ORMOY-LA-RIVIERE;91
95476;OSNY;95
972213;LE LAMENTIN;972
973302;CAYENNE;973
974413;SAINT-LEU;974
974416;SAINT PIERRE;974
02168;CHATEAU THIERRY;02
02304;LA FERE;02
06090;PEGOMAS;06
07116;LABEGUDE;07
07186;PRIVAS;07
13004;ARLES;13
14059;BENERVILLE-SUR-MER;14
14701;TOURGEVILLE;14
17347;ST JEAN D'ANGELY;17
22186;PLENEUF-VAL-ANDRE;22
26191;MONTBOUCHER-SUR-JABRON;26
2A348;VICO;2A
30125;GARONS;30
30288;SAINT-NAZAIRE;30
34151;MARSILLARGUES;34
34213;POUSSAN;34
35125;LA GUERCHE-DE-BRETAGNE;35
38431;SAINT-NAZAIRE-LES-EYMES;38
44097;MESQUER;44
44131;PORNIC;44
47157;MARMANDE;47
47323;VILLENEUVE SUR LOT;47
49267;SAINT-BARTHELEMY-D ANJOU;49
54364;MEREVILLE;54
56110;LIGNOL;56
56152;LE PALAIS;56
59043;BAILLEUL;59
59606;VALENCIENNES;59
60462;NOAILLES;60
66037;CANET EN ROUSSILLON;66
66065;ELNE;66
69029;BRON;69
69127;MARCY-L ETOILE;69
72264;SABLE SUR SARTHE;72
74099;DEMI-QUARTIER;74
74201;NEYDENS;74
74208;PASSY;74
74299;VEYRIER-DU-LAC;74
76329;GRUCHET-LE-VALASSE;76
76637;SAINT-PIERRE-EN-PORT;76
77085;CHANTELOUP EN BRIE;77
77171;ESBLY;77
77347;ORMES-SUR-VOULZIE (LES);77
78160;CHEVREUSE;78
80702;SAINT-FUSCIEN;80
82013;BEAUMONT DE LOMAGNE;82
83049;CUERS;83
84088;PERNES LES FONTAINES;84
85051;CHANTONNAY;85
89338;ST CLEMENT;89
91044;BALLAINVILLIERS;91
91340;LISSES;91
91347;LONGPONT-SUR-ORGE;91
91587;SAULX-LES-CHARTREUX;91
91649;VERT LE PETIT;91
92078;VILLENEUVE-LA-GARENNE;92
93047;MONTFERMEIL;93
95183;COURDIMANCHE;95
95353;MAFFLIERS;95
95355;MAGNY-EN-VEXIN;95
95480;PARMAIN;95
95574;SAINT-PRIX;95
95598;SOISY SS MONTMORENCY;95
04226;UVERNET-FOURS;04
06158;VILLARS-SUR-VAR;06
28280;NOGENT LE ROTROU;28
45147;FLEURY LES AUBRAIS;45
70388;NOIDANS-LES-VESOUL;70
76255;EU;76
77321;MOUSSEAUX-LES-BRAY;77
78321;JOUARS-PONTCHARTRAIN;78
80182;CAYEUX-SUR-MER;80
81257;SAINT JUERY;81
01283;OYONNAX;01
01396;SAULT-BRENAZ;01
04094;GREOUX-LES-BAINS;04
11048;BOUTENAC;11
13100;SAINT-REMY-DE-PROVENCE;13
25318;JOUGNE;25
25364;MAMIROLLE;25
28191;HANCHES;28
30032;BEAUCAIRE;30
30156;MARGUERITTES;30
31069;BLAGNAC;31
33227;LANGON;33
33256;LUDON MEDOC;33
33527;LE TEICH;33
34120;JACOU;34
34198;PEROLS;34
38175;FROGES;38
39013;ARBOIS;39
42044;LE CHAMBON-FEUGEROLLES;42
42147;MONTBRISON;42
44049;LE CROISIC;44
44082;LIGNE;44
47001;AGEN;47
49223;MURS-ERIGNE;49
56090;INZINZAC-LOCHRIST;56
58117;FOURCHAMBAULT;58
59122;CAMBRAI;59
60282;GOUVIEUX;60
62765;SAINT OMER;62
63038;BESSE-ET-SAINT-ANASTAISE;63
69292;SATHONAY-CAMP;69
72231;PARIGNE L EVEQUE;72
76382;LANQUETOT;76
77217;GRISY-SUISNES;77
77479;VAIRES SUR MARNE;77
78367;MAREIL-MARLY;78
79191;NIORT;79
80489;LONGUEAU;80
86034;BOURESSE;86
91215;EPINAY-SOUS-SENART;91
93059;PIERREFITTE-SUR-SEINE;93
95369;MARGENCY;95
95394;MERY-SUR-OISE;95
01004;AMBERIEU-EN-BUGEY;01
17028;AYTRE;17
26198;MONTELIMAR;26
2A200;PALNECA;2A
30321;SOMMIERES;30
33162;EYSINES;33
33498;SALLES;33
34128;LAROQUE;34
35012;BAIN-DE-BRETAGNE;35
35037;BREAL-SOUS-MONTFORT;35
35051;CESSON-SEVIGNE;35
37233;SAINT-PIERRE-DES-CORPS;37
38416;SAINT-MARCELLIN;38
40001;AIRE-SUR-L'ADOUR;40
40273;ST-MARTIN-DE-SEIGNANX;40
42275;SAINT-PRIEST-EN-JAREZ;42
44013;BESNE;44
45282;SAINT-HILAIRE-SAINT-MESMIN;45
49246;LES PONTS DE CE;49
54493;SAULNES;54
59392;MAUBEUGE;59
60238;FLEURINES;60
62193;CALAIS;62
63103;CHATELGUYON;63
69271;CHASSIEU;69
69290;SAINT-PRIEST;69
74136;LE GRAND BORNAND;74
77018;BAILLY-ROMAINVILLIERS;77
77268;MAGNY-LE-HONGRE;77
77382;QUINCY-VOISINS;77
78029;AUBERGENVILLE;78
78262;GALLUIS;78
83103;LE REVEST LES EAUX;83
83118;SAINT RAPHAEL;83
84129;SORGUES;84
88126;DARNIEULLES;88
95612;LE THILLAY;95
04086;FAUCON-DE-BARCELONNETTE;04
05070;LARAGNE-MONTEGLIN;05
06138;THEOULE-SUR-MER;06
17333;SAINT-GEORGES-DE-DIDONNE;17
22162;PAIMPOL;22
22172;PLANCOET;22
29151;MORLAIX;29
30231;SAINT ANDRE DE VALBORGNE;30
31163;DREMIL LAFAGE;31
31254;LABEGE;31
31561;L UNION;31
33422;SAINT JEAN D ILLAC;33
38400;SAINT-JEAN-DE-MOIRANS;38
38527;VAUJANY;38
39368;HAUTS DE BIENNE;39
40043;BIAS;40
40184;MIMIZAN;40
42323;VEAUCHE;42
50031;BARNEVILLE-CARTERET;50
54215;FROUARD;54
54254;HAUCOURT-MOULAINE;54
56098;LANESTER;56
56178;PONTIVY;56
56181;PORT-LOUIS;56
59196;ENNETIERES-EN-WEPPES;59
59648;WATTIGNIES;59
60067;BETHISY ST MARTIN;60
60156;CLAIROIX;60
60667;VERBERIE;60
60670;VERNEUIL EN HALATTE;60
65286;LOURDES;65
66049;CERET;66
69068;COUZON-AU-MONT-D OR;69
69100;IRIGNY;69
72003;ALLONNES;72
73304;VAL-D ISERE;73
74104;DOUSSARD;74
74160;MANIGOD;74
74258;SAMOENS;74
77240;JOUY-SUR-MORIN;77
78562;SAINT-LEGER-EN-YVELINES;78
78672;VILLENNES-SUR-SEINE;78
84081;MORIERES LES AVIGNON;84
85012;BARRE-DE-MONTS (LA);85
88465;CAPAVENIR VOSGES;88
91175;CORBREUSE;91
91525;ROINVILLE-SOUS-DOURDAN;91
973304;KOUROU;973
974411;SAINT DENIS;974
01357;ST-GERMAIN-DE-JOUX;01
01419;THOIRY;01
04203;SELONNET;04
06071;GUILLAUMES;06
08090;CARIGNAN;08
08190;GIVET;08
11076;CASTELNAUDARY;11
11281;PEXIORA;11
22206;CHATELAUDREN-PLOUAGAT;22
22222;PLOUHA;22
24335;PORT-SAINTE-FOY-ET-PONCHAPT;24
24547;TERRASSON LAVILLEDIEU;24
25307;LES HOPITAUX NEUFS;25
25411;MORTEAU;25
29233;QUIMPERLE;29
2A271;SARROLA-CARCOPINO;2A
31451;REVEL;31
33238;LEOGNAN;33
33297;MOULIS-EN-MEDOC;33
34247;SAINT CLEMENT DE RIVIERE;34
38382;SAINT-EGREVE;38
38562;VIZILLE;38
41151;MONTRICHARD VAL DE CHER;41
42071;LE COTEAU;42
42149;MONTROND-LES-BAINS;42
42204;SAINT-BONNET-LE-CHATEAU;42
42222;SAINT-GALMIER;42
44026;CARQUEFOU;44
44070;HAIE-FOUASSIERE (LA);44
44098;MISSILLAC;44
44182;SAINT-MICHEL-CHEF-CHEF;44
50215;GOUVILLE-SUR-MER;50
50356;MOON-SUR-ELLE;50
59566;SEQUEDIN;59
62160;BOULOGNE SUR MER;62
62899;WISSANT;62
69085;FLEURIEU-SUR-SAONE;69
69092;GLEIZE;69
69273;CORBAS;69
74123;FAVERGES-SEYTHENEX;74
74190;MORILLON;74
77117;CITRY;77
77128;COUILLY-PONT-AUX-DAMES;77
77132;COUPVRAY;77
77258;LOGNES;77
77363;LE PIN;77
78062;BEYNES;78
78688;VOISINS-LE-BRETONNEUX;78
82125;MONTECH;82
88075;LA BRESSE;88
88122;DAMAS-ET-BETTEGNEY;88
91533;SACLAS;91
95042;BAILLET-EN-FRANCE;95
95250;FOSSES;95
95580;SAINT-WITZ;95
95637;VAUREAL;95
972206;DIAMANT;972
01148;DORTAN;01
01281;ORNEX;01
02810;VILLERS-COTTERETS;02
04088;FORCALQUIER;04
06091;PEILLE;06
06121;SAINT-JEAN-CAP-FERRAT;06
07308;SARRAS;07
07330;VALLON PONT D'ARC;07
07349;LA-VOULTE-SUR-RHONE;07
09322;USTOU;09
11397;TREBES;11
26108;CREST;26
28140;EPERNON;28
28404;VERNOUILLET;28
29039;CONCARNEAU;29
2A048;CALCATOGGIO;2A
31271;LANTA;31
31506;ST ORENS DE GAMEVILLE;31
34058;CASTRIES;34
35049;CANCALE;35
35057;LA CHAPELLE BOUEXIC;35
35123;GOVEN;35
35152;LIFFRE;35
38314;PONTCHARRA;38
38559;VINAY;38
39501;SAMPANS;39
41194;ROMORANTIN-LANTHENAY;41
44103;MONTOIR-DE-BRETAGNE;44
44110;NORT SUR ERDRE;44
53130;LAVAL;53
54304;LAXOU;54
54357;MAXEVILLE;54
54426;PIERRE-LA-TREICHE;54
56013;BELZ;56
56234;SAINT-PIERRE-QUIBERON;56
59650;WATTRELOS;59
62560;MARQUISE;62
66182;SAINTE-MARIE-LA-MER;66
69010;L ARBRESLE;69
69028;BRINDAS;69
69033;CAILLOUX-SUR-FONTAINES;69
69045;CHARENTAY;69
69107;LAMURE SUR AZERGUES;69
69125;MARCILLY-D AZERGUES;69
73015;LES ALLUES;73
74290;VALLORCINE;74
76157;CANTELEU;76
76259;FECAMP;76
76613;SAINT MARTIN AUX BUNEAUX;76
76647;SAINT-ROMAIN-DE-COLBOSC;76
77148;CROUY-SUR-OURCQ;77
77181;FERRIERES-EN-BRIE;77
77266;MACHAULT;77
77330;NANTEUIL-LES-MEAUX;77
78220;ESSARTS-LE-ROI (LES);78
78255;FRENEUSE;78
78484;PERDREAUVILLE;78
80368;FRIVILLE-ESCARBOTIN;80
80649;QUEND;80
83051;ENTRECASTEAUX;83
84017;BEDOIN;84
84080;MONTEUX;84
85114;JARD-SUR-MER;85
85128;LUCON;85
88383;REMIREMONT;88
88413;SAINT DIE DES VOSGES;88
91405;MILLY-LA-FORET;91
91434;MORSANG-SUR-ORGE;91
95351;LOUVRES;95
972227;SAINTE LUCE;972
972232;VAUCLIN;972
973309;REMIRE MONTJOLY;973
27229;EVREUX;27
27448;PACY-SUR-EURE;27
62119;BETHUNE;62
77294;MITRY MORY;77
78057;BENNECOURT;78
01350;SAINT-ETIENNE-DU-BOIS;01
02537;NANTEUIL LA FOSSE;02
06150;LA TURBIE;06
22094;LANCIEUX;22
2A085;CAURO;2A
2A215;PIANOTTOLI-CALDARELLO;2A
30036;BERNIS;30
30171;MOLIERES-SUR-CEZE;30
33165;FARGUES SAINT HILAIRE;33
33185;GENISSAC;33
33415;SAINT GERVAIS;33
35240;LE RHEU;35
35251;SAINT-AUBIN-D AUBIGNE;35
37132;LOCHES;37
42330;VILLARS;42
44107;MOUZEIL;44
44172;SAINTE-LUCE-SUR-LOIRE;44
47310;TONNEINS;47
50391;GRANDPARIGNY;50
54280;JOEUF;54
59005;ALLENNES-LES-MARAIS;59
59383;MARLY;59
69040;CHAMPAGNE-AU-MONT-D OR;69
69219;SAINT LAURENT D'AGNY;69
69256;VAULX EN VELIN;69
77464;THORIGNY SUR MARNE;77
83023;BRIGNOLES;83
88081;BUSSANG;88
91514;QUINCY-SOUS-SENART;91
91667;VILLEMOISSON-S-ORGE;91
95142;CHARS;95
02226;COURMELLES;02
04245;VOLX;04
06132;SAORGE;06
22106;LANGUEUX;22
25127;CHARQUEMONT;25
26116;DONZERE;26
30203;PORTES;30
33535;TRESSES;33
34299;SERIGNAN;34
35126;GUICHEN;35
37172;NOTRE-DAME-D OE;37
42097;LA FOUILLOUSE;42
42285;SAINT-ROMAIN-LE-PUY;42
48096;MEYRUEIS;48
51506;SAINT-MEMMIE;51
54115;CHAMPIGNEULLES;54
54273;JARNY;54
56063;GESTEL;56
62291;ELEU-DIT-LEAUWETTE;62
69086;FLEURIEUX-SUR-L ARBRESLE;69
77142;CRECY LA CHAPELLE;77
77280;MARY-SUR-MARNE;77
84087;ORANGE;84
86207;LA ROCHE POSAY;86
91645;VERRIERES LE BUISSON;91
01031;BELLIGNAT;01
01204;LE POIZAT-LALLEYRIAT;01
01345;SAINT-DENIS-EN-BUGEY;01
02410;LARGNY SUR AUTOMNE;02
04145;PEIPIN;04
05101;VALLOUISE-PELVOUX;05
06014;BENDEJUN;06
06075;LEVENS;06
09282;SAVERDUN;09
13103;SALON-DE-PROVENCE;13
17094;CHATELAILLON-PLAGE;17
31022;AUCAMVILLE;31
34028;BEDARIEUX;34
35095;DOL DE BRETAGNE;35
42180;PRECIEUX;42
42279;SAINT-JUST-SAINT-RAMBERT;42
47145;LAYRAC;47
60346;LAMORLAYE;60
73213;LA RAVOIRE;73
77457;SOLERS;77
78267;GARGENVILLE;78
83091;PIERREFEU-DU-VAR;83
83131;SOLLIES-TOUCAS;83
84019;BOLLENE;84
91129;CERNY;91
95427;MONTMAGNY;95
01313;PREVESSIN-MOENS;01
13063;MIRAMAS;13
28088;CHATEAUDUN;28
30217;ROCHEFORT-DU-GARD;30
34344;LA GRANDE MOTTE;34
38170;FONTANIL-CORNILLON;38
38517;TULLINS;38
40119;HAGETMAU;40
42011;BALBIGNY;42
44158;SAINT-ETIENNE-DE-MONTLUC;44
49278;STE GEMMES SUR LOIRE;49
65440;TARBES;65
69009;ANSE;69
69019;BELLEVILLE-EN-BEAUJOLAIS;69
73030;BARBY;73
77055;BROU-SUR-CHANTEREINE;77
84122;SARRIANS;84
86066;CHATELLERAULT;86
86157;MIGNALOUX-BEAUVOIR;86
91047;BAULNE;91
91115;BRUYERES-LE-CHATEL;91
91312;IGNY;91
91479;PARAY-VIEILLE-POSTE;91
94003;ARCUEIL;94
95211;ENNERY;95
972224;SAINT JOSEPH;972
01060;BRENOD;01
05006;L'ARGENTIERE-LA-BESSEE;05
05156;SAINT-SAUVEUR;05
06046;COLOMARS;06
07089;FELINES;07
26182;MIRABEL-AUX-BARONNIES;26
33090;CANEJAN;33
33104;CASTELNAU-DE-MEDOC;33
33273;MARTIGNAS SUR JALLE;33
33337;PREIGNAC;33
34057;CASTELNAU LE LEZ;34
34090;LE CRES;34
34154;MAUGUIO;34
34192;PALAVAS-LES-FLOTS;34
35352;VERN-SUR-SEICHE;35
35363;PONT-PEAN;35
39300;LONS LE SAUNIER;39
40150;LEON;40
42168;PELUSSIN;42
43236;SEAUVE-SUR-SEMENE (LA);43
54536;TUCQUEGNIEUX;54
56054;ERDEVEN;56
60033;AVILLY ST LEONARD;60
60471;NOYON;60
60537;RIBECOURT DRESLINCOURT;60
64445;PAU;64
65127;CAPVERN;65
70117;CHALONVILLARS;70
74225;RUMILLY;74
76552;STE ADRESSE;76
77143;CREGY-LES-MEAUX;77
78366;MAREIL-LE-GUYON;78
82124;MONTBETON;82
83055;FAYENCE;83
83107;ROQUEBRUNE-SUR-ARGENS;83
84089;PERTUIS;84
85307;FAUTE-SUR-MER (LA);85
91457;LA NORVILLE;91
91468;ORMOY;91
91552;SAINT-GERMAIN-LES-ARPAJON;91
95487;PERSAN;95
18207;SAINT-FLORENT-SUR-CHER;18
54382;MONT SAINT MARTIN;54
58095;DECIZE;58
59295;HAZEBROUCK;59
70473;SAINT-SAUVEUR;70
91232;FERTE-ALAIS (LA);91
91433;MORIGNY-CHAMPIGNY;91
01363;SAINT-JEAN-LE-VIEUX;01
16166;L'ISLE D'ESPAGNAC;16
24362;VAL DE LOUYRE ET CAUDEAU;24
26325;SAINT-RAMBERT-D ALBON;26
30004;AIGUES-VIVES;30
35069;CHATEAUGIRON;35
35184;MONTAUBAN-DE-BRETAGNE;35
38317;LE PONT-DE-CLAIX;38
40235;POYANNE;40
40272;ST-MARTIN-DE-HINX;40
42056;CHAVANAY;42
42094;FEURS;42
42305;LA TALAUDIERE;42
44187;SAINT-PERE-EN-RETZ;44
53054;CHANGE;53
54439;PULNOY;54
54528;TOUL;54
56262;LE BONO;56
59343;LESQUIN;59
59646;WASQUEHAL;59
62525;LONGUENESSE;62
69046;CHARLY;69
69196;SAINT-DIDIER-SUR-BEAUJEU;69
73065;CHAMBERY;73
78575;SAINT-REMY-LES-CHEVREUSE;78
83033;CARNOULES;83
83119;SAINT TROPEZ;83
84016;BEDARRIDES;84
93079;VILLETANEUSE;93
95680;VILLIERS-LE-BEL;95
01436;VESANCY;01
06163;TENDE;06
13046;GREASQUE;13
22070;GUINGAMP;22
26235;PIERRELATTE;26
33352;LA REOLE;33
33519;LE TAILLAN MEDOC;33
35278;SAINT-GREGOIRE;35
38006;ALLEVARD;38
42127;MABLY;42
42302;SORBIERS;42
45308;SEMOY;45
47052;CASTELJALOUX;47
48080;LANGOGNE;48
56055;ETEL;56
59332;LANNOY;59
78090;BOUAFLE;78
83042;COGOLIN;83
91216;EPINAY SUR ORGE;91
91665;VILLE-DU-BOIS (LA);91
94070;SANTENY;94
95134;CHAMPAGNE SUR-OISE;95
01185;PLATEAU D'HAUTEVILLE;01
01269;NANTUA;01
04112;MANOSQUE;04
09122;FOIX;09
24053;BOULAZAC ISLE MANOIRE;24
2A017;APPIETTO;2A
2A288;SOTTA;2A
34024;BALARUC LE VIEUX;34
41128;MAROLLES;41
42099;FRAISSES;42
42170;PERREUX;42
74090;CORNIER;74
78398;MESNULS (LES);78
78571;SAINT-NOM-LA-BRETECHE;78
84136;VACQUEYRAS;84
95352;LUZARCHES;95
974418;SAINTE MARIE;974
02795;VIC SUR AISNE;02
06128;SAINT-PAUL-DE-VENCE;06
06162;LA BRIGUE;06
26324;SAINT-PAUL-TROIS-CHATEAUX;26
33234;LATRESNE;33
33434;ST LOUIS DE MONTFERRAND;33
34027;BEAULIEU;34
34337;VILLENEUVE-LES-MAGUELONE;34
35033;BOURG-DES-COMPTES;35
38129;CORRENCON-EN-VERCORS;38
38439;CRETS EN BELLEDONNE;38
39059;BOIS-D AMONT;39
50003;AGON-COUTAINVILLE;50
69116;LIMONEST;69
71153;LE CREUSOT;71
77296;MOISSY-CRAMAYEL;77
77511;VILLENEUVE SOUS DAMMARTIN;77
79270;ST MAIXENT L ECOLE;79
83017;BELGENTIER;83
83132;SOLLIES-VILLE;83
91274;GOMETZ-LA-VILLE;91
91511;PUSSAY;91
95078;BOISSY-L'AILLERIE;95
06103;ROQUEBILLIERE;06
07131;LANAS;07
08385;SAINT-LAURENT;08
17230;MESCHERS-SUR-GIRONDE;17
22325;SAINT-QUAY-PORTRIEUX;22
25495;ROCHE LEZ BEAUPRE;25
26357;TULETTE;26
28213;LORMAYE;28
31584;VILLEMUR SUR TARN;31
33029;LE BARP;33
34217;PRADES-LE-LEZ;34
35059;LA CHAPELLE DES FOUGERETZ;35
38397;SAINT-ISMIER;38
42092;L ETRAT;42
42123;LORETTE;42
42237;SAINT-JEAN-BONNEFONDS;42
43213;SAINT-PAL-DE-MONS;43
45252;PITHIVIERS;45
46042;CAHORS;46
52353;NOGENT;52
53216;ST FRAIMBAULT DE PRIERES;53
59034;AVELIN;59
59660;WILLEMS;59
60143;CHAUMONT-EN-VEXIN;60
65168;ESQUIEZE-SERE;65
66124;FONT-ROMEU ODEILLO-VIA;66
70447;RIOZ;70
77037;BOIS LE ROI;77
77111;CHESSY;77
77318;MORTCERF;77
77378;PRINGY;77
77393;ROZAY-EN-BRIE;77
80533;MERS-LES-BAINS;80
82037;CAUSSADE;82
84056;JONQUIERES;84
88114;CONTREXEVILLE;88
91661;VILLEBON SUR YVETTE;91
95604;SURVILLIERS;95
27275;GAILLON;27
27681;VERNON;27
2A198;OTA;2A
36044;CHATEAUROUX;36
54451;REHON;54
80039;AULT;80
10297;PONTSAINTE MARIE;10
17109;CLAVETTE;17
19243;SAINT-SORNIN-LAVOLPS;19
29105;LANDIVISIAU;29
33019;AUDENGE;33
39441;PREMANON;39
42223;SAINT GENEST LERPT;42
42301;SOLEYMIEUX;42
44114;ORVAULT;44
45298;SAINT-PRYVE-SAINT-MESMIN;45
50165;DONVILLE-LES-BAINS;50
50403;PIROU;50
58088;COULANGES LES NEVERS;58
69200;SAINT-FORGEUX;69
77431;SAINT-PIERRE-LES-NEMOURS;77
77517;VILLEVAUDE;77
83124;SEILLANS;83
88132;DEYVILLERS;88
91330;LARDY;91
91461;OLLAINVILLE;91
05023;BRIANCON;05
05064;LA CHAPELLE-EN-VALGAUDEMAR;05
06066;GILETTE;06
13073;PEYPIN;13
17369;SAINT-MARTIN-DE-RE;17
33554;YVRAC;33
34123;JUVIGNAC;34
34165;MONTBAZIN;34
35001;ACIGNE;35
44126;LA PLAINE-SUR-MER;44
49035;BOUCHEMAINE;49
49283;SAINT-GEORGES-SUR-LOIRE;49
60635;THIVERNY;60
64547;USTARITZ;64
74143;LES HOUCHES;74
78089;BONNIERES-SUR-SEINE;78
83012;BARJOLS;83
91494;LE PLESSIS PATE;91
04139;NOYERS-SUR-JABRON;04
07201;RUOMS;07
16028;BARBEZIEUX SAINT HILAIRE;16
18197;SAINT-AMAND-MONTROND;18
25578;VALDAHON;25
27119;BUEIL;27
2A035;BELVEDERE-CAMPOMORO;2A
33108;CASTILLON-LA-BATAILLE;33
45315;SULLY-SUR-LOIRE;45
49090;CHEFFES;49
59527;SAINT-ANDRE;59
63430;THIERS;63
69168;ROCHETAILLEE-SUR-SAONE;69
69233;SAINT-ROMAIN-AU-MONT-D OR;69
76599;SAINT-LEGER-DU-BOURG-DENIS;76
80524;MEHARICOURT;80
84106;SAINTE-CECILE-LES-VIGNES;84
95641;VEMARS;95
974415;SAINT-PAUL;974
01153;ECHENEVEX;01
01210;LELEX;01
17299;ROCHEFORT;17
18015;AUBIGNY-SUR-NERE;18
30011;LES ANGLES;30
30166;MEYNES;30
33506;SAUVETERRE-DE-GUYENNE;33
34288;SAINT-SERIES;34
35204;NOUVOITOU;35
35256;SAINT-BRIAC-SUR-MER;35
44125;PIRIAC-SUR-MER;44
47324;VILLEREAL;47
51152;CHIGNY-LES-ROSES;51
69152;PIERRE BENITE;69
77312;MONTIGNY-SUR-LOING;77
77441;SAMOIS SUR SEINE;77
80164;CAMON;80
04079;L ESCALE;04
04151;PIERRERUE;04
05001;ABRIES-RISTOLAS;05
05096;ORCIERES;05
14229;DOZULE;14
26114;DIEULEFIT;26
28279;NOGENT-LE-ROI;28
29254;SAINT-MARTIN-DES-CHAMPS;29
31462;ROUFFIAC TOLOSAN;31
33003;AMBARES-ET-LAGRAVE;33
33058;BLAYE;33
33435;SAINT-MACAIRE;33
35136;JANZE;35
38045;BIVIERS;38
40283;ST-VINCENT-DE-PAUL;40
42093;FARNAY;42
43051;LE CHAMBON SUR LIGNON;43
44088;MAISDON-SUR-SEVRE;44
44120;PELLERIN (LE);44
44186;SAINTE PAZANNE;44
47128;LAFOX;47
48027;MONT LOZERE ET GOULET;48
51172;CORMONTREUIL;51
51474;SAINT BRICE COURCELLES;51
54174;ECROUVES;54
54321;LONGLAVILLE;54
59286;HAUBOURDIN;59
60358;LEVIGNEN;60
60652;VALDAMPIERRE;60
69044;CHARBONNIERES-LES-BAINS;69
70428;PUSEY;70
72223;NOYEN SUR SARTHE;72
76108;BOIS GUILLAUME;76
76276;FORGES-LES-EAUX;76
76540;ROUEN;76
77024;BASSEVELLE;77
77155;DAMPMART;77
77475;TRILPORT;77
78337;LIMETZ-VILLEZ;78
78513;QUEUE-LES-YVELINES (LA);78
78591;SEPTEUIL;78
88273;LONGCHAMP;88
95675;VILLERON;95
05061;GAP;05
62037;ANZIN-SAINT-AUBIN;62
76575;SAINT-ETIENNE-DU-ROUVRAY;76
2A269;SARI-SOLENZARA;2A
33056;BLANQUEFORT;33
35040;BRETEIL;35
37203;ROCHECORBON;37
38423;SAINT-MARTIN-LE-VINOUX;38
54322;LONGUYON;54
56177;PLUVIGNER;56
59636;WAMBRECHIES;59
60338;LACROIX ST OUEN;60
64348;LONS;64
69171;SAIN-BEL;69
70378;NAVENNE;70
78269;GAZERAN;78
78291;GUERVILLE;78
83048;LA CROIX VALMER;83
84137;VAISON-LA-ROMAINE;84
88424;SAINTE-MARGUERITE;88
91617;TIGERY;91
95370;MARINES;95
01192;IZERNORE;01
05139;LE DEVOLUY;05
06035;CASTELLAR;06
14312;GRANDCAMP-MAISY;14
25204;DOUBS;25
30123;GALLARGUES-LE-MONTUEUX;30
30253;SAINT-FLORENT-SUR-AUZONNET;30
31032;AUSSONNE;31
35023;BEDEE;35
35179;MINIAC-MORVAN;35
44130;PONT-SAINT-MARTIN;44
54090;BOUXIERES-AUX-DAMES;54
59569;SIN LE NOBLE;59
70207;ECHENOZ-LA-MELINE;70
72056;CHAMPFLEUR;72
78403;MEZY-SUR-SEINE;78
88408;RUPT-SUR-MOSELLE;88
91198;D   HUISON LONGUEVILLE;91
91293;GUIGNEVILLE;91
95088;BONNEUIL-EN-FRANCE;95
95409;MOISSELLES;95
95426;MONTLIGNON;95
04143;ORAISON;04
17207;LOIX;17
26042;BEAUVALLON;26
30037;BESSEGES;30
33201;HAUX;33
51536;SILLERY;51
65138;CAUTERETS;65
78638;VAUX-SUR-SEINE;78
82155;SAINT ANTONIN NOBLE VAL;82
88369;RAMONCHAMP;88
01435;VERSONNEX;01
13030;CUGES LES PINS;13
19269;TREIGNAC;19
26166;LORIOL SUR DROME;26
2A189;OLMETO;2A
30126;GARRIGUES SAINTE EULALIE;30
31259;LACROIX FALGARDE;31
32107;CONDOM;32
33544;LE VERDON SUR MER;33
34142;LODEVE;34
34244;SAINT-BRES;34
38111;CLAIX;38
44036;CHATEAUBRIANT;44
44151;SAINT-ANDRE-DES-EAUX;44
56010;BAUD;56
65031;ARREAU;65
69094;GREZIEU-LA-VARENNE;69
76312;GOURNAY-EN-BRAY;76
77094;CHARMENTRAY;77
77182;FERTE-GAUCHER (LA);77
78168;COIGNIERES;78
78206;ECQUEVILLY;78
78431;MORAINVILLIERS;78
82190;VERDUN-SUR-GARONNE;82
83115;SAINTE MAXIME;83
91105;BREUILLET;91
19274;USSAC;19
33030;BARSAC;33
33381;ST CAPRAIS DE BORDEAUX;33
34204;PLAISSAN;34
35216;PARTHENAY-DE-BRETAGNE;35
35231;POLIGNE;35
38501;TENCIN;38
38567;CHAMROUSSE;38
39434;POLIGNY;39
42186;RIVE-DE-GIER;42
43112;LANGEAC;43
44003;ANCENIS-SAINT-GEREON;44
50562;SAINT-VAAST-LA-HOUGUE;50
51055;BETHENY;51
54028;AUBOUE;54
59279;HALLUIN;59
59507;RONCHIN;59
60012;ANDEVILLE;60
71176;DIGOIN;71
76384;LILLEBONNE;76
77004;ANDREZEL;77
77332;NANTOUILLET;77
77420;SAINT-MARD;77
77437;SAINT-SOUPPLETS;77
78138;CHANTELOUP-LES-VIGNES;78
81163;MAZAMET;81
91332;LEUDEVILLE;91
95652;VIARMES;95
974410;SAINT-BENOIT;974
60139;CHAMBLY;60
65123;CAMPAN;65
69049;CHASSELAY;69
79081;CHAURAY;79
05004;ANCELLE;05
06036;CASTILLON;06
07296;SAINT-SERNIN;07
13026;CHATEAUNEUF-LES-MARTIGUES;13
13117;VITROLLES;13
22187;PLERIN;22
34225;PUISSERGUIER;34
44043;CLISSON;44
44195;SAVENAY;44
49331;SEGRE-EN-ANJOU BLEU;49
59457;PERENCHIES;59
59560;SECLIN;59
64385;MIOSSENS LANUSSE;64
78120;BULLION;78
78420;MONTFORT-L AMAURY;78
83072;LORGUES;83
88429;SAINT-NABORD;88
91135;CHAMPCUEIL;91
93030;DUGNY;93
02758;VAILLY-SUR-AISNE;02
09265;SAINT-JEAN-DU-FALGA;09
13042;GEMENOS;13
28094;CHAUDON;28
29023;CARANTEC;29
30212;REMOULINS;30
33240;LESPARRE-MEDOC;33
34129;LATTES;34
44101;LA MONTAGNE;44
47106;FUMEL;47
49023;BEAUPREAU-EN-MAUGES;49
51058;BEZANNES;51
62270;DIVION;62
65059;BAGNERES-DE-BIGORRE;65
69112;LENTILLY;69
88468;LE THILLOT;88
91095;BOURAY-SUR-JUINE;91
91634;VAUGRIGNEUSE;91
91648;VERT LE GRAND;91
05119;RISOUL;05
17034;BARZAN;17
56206;SAINT-AVE;56
56233;SAINT-PHILIBERT;56
60086;BORAN SUR OISE;60
76254;ETRETAT;76
77272;MAISON-ROUGE;77
78117;BUC;78
973307;MATOURY;973
34254;SAINT-FELIX-DE-LODEZ;34
36046;LA CHATRE;36
56241;SAUZON;56
60330;LABOISSIERE EN THELLE;60
60665;VENETTE;60
65388;SAINT-LARY-SOULAN;65
72213;MULSANNE;72
73054;BOURG-SAINT-MAURICE;73
77125;CONDE-SAINTE-LIBIAIRE;77
78520;RICHEBOURG;78
83099;PUGET-SUR-ARGENS;83
84133;LA TOUR D AIGUES;84
88304;MIRECOURT;88
11285;PEYRIAC DE MER;11
13043;GIGNAC-LA-NERTHE;13
13054;MARIGNANE;13
17286;LES PORTES-EN-RE;17
27284;GISORS;27
33036;BAZAS;33
35122;LA GOUESNIERE;35
38422;SAINT-MARTIN-D'URIAGE;38
44169;SAINT-JULIEN-DE-CONCELLES;44
59466;PONT-A-MARCQ;59
62445;HESDIGNEUL-LES-BETHUNE;62
64519;SERRES CASTET;64
69032;BULLY;69
69191;SAINT CYR AU MONT D OR;69
70561;VILLERSEXEL;70
72071;MONTVAL-SUR-LOIR;72
73006;AIME LA PLAGNE;73
77344;OISSERY;77
78327;JUZIERS;78
83064;GAREOULT;83
83101;RAMATUELLE;83
84065;LAURIS;84
89418;TONNERRE;89
91333;LEUVILLE-SUR-ORGE;91
94055;ORMESSON-SUR-MARNE;94
95678;VILLIERS-ADAM;95
973311;SAINT LAURENT DU MARONI;973
54521;THIL;54
04242;VILLENEUVE;04
06010;LE BAR-SUR-LOUP;06
06019;BLAUSASC;06
13045;GRAVESON;13
22032;CAULNES;22
2A032;BASTELICACCIA;2A
30206;POULX;30
38239;MOIRANS;38
38553;VILLEFONTAINE;38
39362;MONTMOROT;39
41047;LA CHAUSSEE SAINT VICTOR;41
41295;VINEUIL;41
49355;TREMENTINES;49
50394;PERIERS;50
65384;SAILHAN;65
66136;PERPIGNAN;66
69277;GENAS;69
80001;ABBEVILLE;80
84141;VEDENE;84
01109;COLLONGES;01
01240;MATAFELON-GRANGES;01
22055;BINIC-ETABLES-SUR-MER;22
24138;COULOUNIEIX-CHAMIERS;24
24356;ROUFFIGNAC-ST-CERNIN-DE-REILHA;24
26165;LIVRON SUR DROME;26
34067;CAZILHAC;34
34161;MONTADY;34
38158;EYBENS;38
40019;AUREILHAN;40
54550;VATHIMENIL;54
56165;PLOERMEL;56
58238;SAINT ELOI;58
64304;LAHONCE;64
69031;BRUSSIEU;69
76322;GRAND QUEVILLY (LE);76
76498;PETIT QUEVILLY (LE);76
77044;BOMBON;77
83127;SIGNES;83
88321;NEUFCHATEAU;88
91109;BRIERES-LES-SCELLES;91
91359;MAISSE;91
06065;LA GAUDE;06
06070;GREOLIERES;06
33226;LANGOIRAN;33
42270;SAINT-PAUL-EN-CORNILLON;42
44116;PAIMBOEUF;44
49323;VERRIERES-EN-ANJOU;49
54270;HUSSIGNY GODBRANGE;54
59574;SOMAIN;59
59586;TEMPLEUVE EN PEVELE;59
60068;BETHISY ST PIERRE;60
60559;LA RUE ST PIERRE;60
69287;SAINT-BONNET-DE-MURE;69
76429;MESNIL-ESNARD (LE);76
76476;PORT-JEROME-SUR-SEINE;76
83081;MONTAUROUX;83
91679;VILLIERS-LE-BACLE;91
06025;LE BROC;06
24086;CASTELNAUD-LA-CHAPELLE;24
28007;ANET;28
2A071;CASALABRIVA;2A
33122;CESTAS;33
34143;LOUPIAN;34
34329;VENDRES;34
39392;OFFLANGES;39
42110;L HORME;42
59173;DEULEMONT;59
62065;AVION;62
62587;MONTIGNY EN GOHELLE;62
69067;COURZIEU;69
79124;LES FORGES;79
83036;CAVALAIRE-SUR-MER;83
83140;TOURVES;83
06015;BERRE-LES-ALPES;06
16154;GOND PONTOUVRE;16
17127;COURCON;17
26197;MONTELIER;26
28209;LEVES;28
33032;BASSENS;33
33229;LANTON;33
37115;DESCARTES;37
42039;CHALMAZEL-JEANSAGNIERE;42
43089;ESPALY-SAINT-MARCEL;43
44067;GUEMENE PENFAO;44
45302;SARAN;45
52121;CHAUMONT;52
59526;SAINT-AMAND-LES-EAUX;59
62099;BEAURAINS;62
64371;MAULEON LICHARRE;64
69208;SAINT GERMAIN NUELLES;69
69388;LYON 8EME;69
73157;MODANE;73
76103;BONSECOURS;76
78087;BONNELLES;78
83035;LE CASTELLET;83
83086;LE MUY;83
84035;CAVAILLON;84
91180;COURANCES;91
91275;GOMETZ-LE-CHATEL;91
11199;LAVALETTE;11
28348;ST LUBIN DES JONCHERETS;28
39286;LAVANS-LES-SAINT-CLAUDE;39
51250;FISMES;51
71342;PARAY LE MONIAL;71
77226;HERICY;77
01014;ARBENT;01
03321;YZEURE;03
05161;LA SALLE;05
06016;BEUIL;06
06086;MOULINET;06
06118;SAINT-CEZAIRE-SUR-SIAGNE;06
06141;TOUDON;06
07245;SAINT-JEAN-DE-MUZOLS;07
13001;AIX EN PROVENCE;13
30249;SAINT-DIONISY;30
34332;VIAS;34
35241;LA RICHARDAIS;35
38163;LE HAUT-BREDA;38
39411;PERRIGNY;39
42316;UNIEUX;42
45082;CHATEAUNEUF S LOIRE;45
45173;JARGEAU;45
50267;LESSAY;50
53147;MAYENNE;53
56193;RIANTEC;56
60178;CREVECOEUR LE GRAND;60
60500;LE PLESSIS BELLEVILLE;60
65417;SEMEAC;65
69260;VERNAISON;69
69265;VILLE SUR JARNIOUX;69
72180;MAMERS;72
74040;BONNE;74
77127;COUBERT;77
77349;OTHIS;77
77455;SOIGNOLLES-EN-BRIE;77
91235;FLEURY-MEROGIS;91
01390;SAINT-VULBAS;01
25157;LA CLUSE ET MIJOUX;25
35334;THORIGNE-FOUILLARD;35
38547;VILLARD-BONNOT;38
45030;BEAUNE-LA-ROLANDE;45
47175;MONFLANQUIN;47
51662;WITRY-LES-REIMS;51
66212;TORREILLES;66
69006;AMPLEPUIS;69
73296;TIGNES;73
06130;SAINT-VALLIER-DE-THIEY;06
01187;HAUT-VALROMEY;01
01199;JUJURIEUX;01
30202;PONT ST ESPRIT;30
56263;SAINTE-ANNE-D'AURAY;56
73023;AUSSOIS;73
28173;GASVILLE OISEME;28
29045;DIRINON;29
2A098;COTI-CHIAVARI;2A
30311;SAUVE;30
54300;LANEUVEVILLE-DEVANT-NANCY;54
61001;ALENCON;61
77510;VILLENEUVE-SAINT-DENIS;77
91630;VAL-SAINT-GERMAIN (LE);91
28218;LUCE;28
33366;SAINT-ANDRE-DE-CUBZAC;33
38059;BRIE-ET-ANGONNES;38
38061;LA BUISSE;38
38309;POISAT;38
38565;VOREPPE;38
39333;MOIRANS-EN-MONTAGNE;39
87050;COUZEIX;87
95026;ASNIERES-SUR-OISE;95
06067;GORBIO;06
34063;CAUX;34
44018;BOUAYE;44
83011;BARGEMON;83
06003;ANDON;06
11203;LEZIGNAN-CORBIERES;11
33545;VERTHEUIL;33
66213;TOULOUGES;66
74082;COLLONGES-SOUS-SALEVE;74
05179;VEYNES;05
33099;CARIGNAN-DE-BORDEAUX;33
42026;BRIENNON;42
60172;COYE LA FORET;60
69215;SAINT-JULIEN;69
01079;CHAMPAGNE-EN-VALROMEY;01
05166;SERRES;05
28089;CHATEAUNEUF EN THYMERAIS;28
28227;MAINTENON;28
34240;SAINT-AUNES;34
60695;VINEUIL ST FIRMIN;60
74185;MONNETIER-MORNEX;74
74298;VETRAZ-MONTHOUX;74
78152;CHAVENAY;78
78486;PERRAY-EN-YVELINES (LE);78
73031;BASSENS;73
11024;BAGES;11
33293;MONTUSSAN;33
35362;LE TRONCHET;35
71120;CHAUFFAILLES;71
06013;BELVEDERE;06
06152;VALBONNE;06
07078;DAVEZIEUX;07
11206;LIMOUX;11
2B020;AREGNO;2B
34270;SAINT-JEAN-DE-VEDAS;34
34282;SAINT PAUL ET VALMALLE;34
41276;VILLEBAROU;41
47055;CASTELNAUD DE GRATECAMBE;47
73176;MONTVALEZAN;73
78683;VILLIERS-SAINT-FREDERIC;78
45274;SAINT-DENIS-EN-VAL;45
56260;VANNES;56
66017;LE BARCARES;66
48092;MARVEJOLS;48
01224;LOYETTES;01
06095;PEYMEINADE;06
35265;SAINT-DOMINEUC;35
39500;SALINS LES BAINS;39
45300;SANDILLON;45
60337;LACHELLE;60
25380;METABIEF;25
63241;MONTPEYROUX;63
64422;OLORON SAINTE MARIE;64
33324;PINEUILH;33
37196;RICHELIEU;37
50484;SAINT-HILAIRE-DU-HARCOUET;50
59426;NEUVILLE EN FERRAIN;59
2B134;L'ILE ROUSSE;2B
84069;MALAUCENE;84
06006;ASPREMONT;06
06020;LA BOLLENE-VESUBIE;06
29217;PONT-AVEN;29
73182;MOUXY;73
76497;PETIT-COURONNE (LE);76
77114;CHEVRY-COSSIGNY;77
33492;SAINT-YZAN-DE-SOUDIAC;33
34239;SAINT-ANDRE-DE-SANGONIS;34
35247;ROZ-SUR-COUESNON;35
59014;ANZIN;59
60025;ATTICHY;60
62126;BEUVRY;62
64339;LESTELLE BETHARRAM;64
69294;SEREZIN-DU-RHONE;69
95628;VALMONDOIS;95
11370;SALLES D AUDE;11
64100;BASSUSSARRY;64
09176;LUZENAC;09
11258;MOUSSAN;11
43177;SAINT-DIDIER-EN-VELAY;43
51643;VINAY;51
54261;HERSERANGE;54
64409;MOUMOUR;64
73114;FLUMET;73
73227;COURCHEVEL;73
74305;VILLE-LA-GRAND;74
77436;SAINT-SIMEON;77
83041;CLAVIERS;83
05098;LES ORRES;05
06077;LUCERAM;06
26252;PORTES LES VALENCE;26
64189;CIBOURE;64
65295;LUZ-SAINT-SAUVEUR;65
74069;CHENEX;74
74153;LUCINGES;74
78623;TREMBLAY-SUR-MAULDRE (LE);78
91136;CHAMPLAN;91
01247;MIJOUX;01
24226;LAMOTHE-MONTRAVEL;24
25073;BONNAY;25
2A324;TAVERA;2A
30061;LA CALMETTE;30
38279;NOTRE-DAME-DE-MESAGE;38
44176;SAINT-MALO-DE-GUERSAC;44
69276;FEYZIN;69
74243;SAINT-JULIEN-EN-GENEVOIS;74
77237;JOSSIGNY;77
06074;LANTOSQUE;06
17142;DOMPIERRE-SUR-MER;17
30140;LASALLE;30
31232;GRENADE SUR GARONNE;31
34014;ASSAS;34
2B185;OLETTA;2B
33284;MIOS;33
38052;LE BOURG-D'OISANS;38
59090;BONDUES;59
91315;ITTEVILLE;91
11310;RENNES LES BAINS;11
25222;ETALANS;25
26290;SAINT-AGNAN-EN-VERCORS;26
38442;SAINT-PIERRE-DE-CHARTREUSE;38
64463;REBENACQ;64
65199;GERM;65
66002;ALENYA;66
77163;DOUY-LA-RAMEE;77
78133;CHAMBOURCY;78
95523;LA ROCHE-GUYON;95
02201;COEUVRES ET VALSERY;02
25381;MISEREY SALINES;25
30020;AUBORD;30
31205;GAGNAC SUR GARONNE;31
45203;MEUNG-SUR-LOIRE;45
62413;HARNES;62
69076;DOMMARTIN;69
69284;MONTANAY;69
84036;CHATEAUNEUF-DE-GADAGNE;84
17291;PUILBOREAU;17
18141;MEHUN-SUR-YEVRE;18
25539;SELONCOURT;25
27562;ST MARCEL;27
30276;SAINT-LAURENT-D AIGOUZE;30
31446;RAMONVILLE ST AGNE;31
37003;AMBOISE;37
38128;CORPS;38
54152;DAMELEVIERES;54
54167;DOMMARTIN-LES-TOUL;54
59386;MARQUETTE-LEZ-LILLE;59
60439;MOUY;60
73329;VOGLANS;73
74213;POISY;74
77139;COURTRY;77
80627;PLACHY-BUYON;80
85038;BROUZILS (LES);85
85190;ROCHESERVIERE;85
05110;PUY SAINT VINCENT;05
06060;FALICON;06
25304;HERIMONCOURT;25
34126;LAMALOU-LES-BAINS;34
49194;MAZE-MILON;49
60432;MORTEFONTAINE;60
62215;CARVIN;62
69111;LEGNY;69
69122;LUCENAY;69
73010;ENTRELACS;73
73132;HAUTELUCE;73
73300;TRESSERVE;73
91546;SAINT-CYR-SOUS-DOURDAN;91
64417;NAY;64
77146;CROISSY-BEAUBOURG;77
77339;NOISY-SUR-ECOLE;77
78189;CRESPIERES;78
83138;TOURRETTES;83
86100;FONTAINE-LE-COMTE;86
07346;VIVIERS;07
25403;MONTLEBON;25
34215;POUZOLS;34
44066;GRANDCHAMP-DES-FONTAINES;44
64256;HASPARREN;64
65017;ARAGNOUET;65
66059;CORNEILLA DEL VERCOL;66
77175;EVRY-GREGY-SUR-YERRE;77
974408;LA POSSESSION;974
04230;VALENSOLE;04
05040;CHORGES;05
05132;SAINT-BONNET-EN-CHAMPSAUR;05
22343;TREBEURDEN;22
25197;DELUZ;25
26220;NYONS;26
26338;SAUZET;26
29188;PLOUGASNOU;29
2A090;COGGIA;2A
31157;CUGNAUX;31
33534;LE TOURNE;33
43041;BRIVES-CHARENSAC;43
45089;CHECY;45
49214;MONTREUIL-JUIGNE;49
56040;CLEGUER;56
59168;CYSOING;59
62528;LOOS EN GOHELLE;62
64132;BIZANOS;64
64204;EAUX BONNES;64
64320;LARUNS;64
64430;ORTHEZ;64
66164;RIVESALTES;66
69141;MORNANT;69
69189;SAINTE-COLOMBE;69
72154;LA FLECHE;72
74080;LA CLUSAZ;74
74183;MIEUSSY;74
74294;VERCHAIX;74
76681;SOTTEVILLE-LES-ROUEN;76
77474;TRILBARDOU;77
81271;SAINT-SULPICE-LA-POINTE;81
82075;GRISOLLES;82
83073;LE LUC;83
84083;MORNAS;84
84132;LE THOR;84
84150;VISAN;84
89102;CHEVANNES;89
89438;VENOY;89
13087;ROUSSET;13
2A254;QUENZA;2A
30258;ST GILLES;30
31035;AUZEVILLE-TOLOSANE;31
40313;TARTAS;40
51507;SAINTE MENEHOULD;51
62040;ARQUES;62
73317;VILLARD SUR DORON;73
76231;ELBEUF;76
83031;LE CANNET DES MAURES;83
84008;BARROUX (LE);84
85109;HERBIERS (LES);85
91581;SAINT-YON;91
64129;BILLERE;64
64405;MORLAAS;64
73179;LA MOTTE SERVOLEX;73
73243;SAINT-JEAN-D ARVEY;73
74284;LA TOUR;74
88319;MOYENMOUTIER;88
91132;CHAMARANDE;91
27056;BERNAY;27
35188;MONTFORT-SUR-MEU;35
54150;CUSTINES;54
91639;VAYRES-SUR-ESSONNE;91
10268;NOGENT SUR SEINE;10
13035;EYGUIERES;13
25413;MOUTHE;25
28015;AUNEAU-BLEURY-SAINT-SYMPHORIEN;28
28358;ST PREST;28
35068;CHATEAUBOURG;35
35297;SAINT-MEEN-LE-GRAND;35
52269;LANGRES;52
59456;PECQUENCOURT;59
64284;JURANCON;64
83106;ROCBARON;83
01401;SERGY;01
07240;SAINT-GEORGES-LES-BAINS;07
09032;AX-LES-THERMES;09
19202;SAINTE FEREOLE;19
34246;ENTRE-VIGNES;34
35299;SAINT-MELOIR-DES-ONDES;35
54584;VILLEY-SAINT-ETIENNE;54
59222;FAUMONT;59
60277;GOINCOURT;60
61483;BAGNOLES DE L'ORNE NORMANDIE;61
72013;AUBIGNE RACAN;72
73206;PRALOGNAN-LA-VANOISE;73
77209;GOUVERNES;77
09194;MIREPOIX;09
17218;MARANS;17
19123;MALEMORT;19
22194;PLESTIN-LES-GREVES;22
25035;LES AUXONS;25
28084;CHARTAINVILLIERS;28
2B087;CERVIONE;2B
31202;FRONTON;31
31351;MONDONVILLE;31
35208;ORGERES;35
50074;BRECEY;50
54253;HATRIZE;54
62473;ISBERGUES;62
74280;THONES;74
76165;CAUDEBEC-LES-ELBEUF;76
76705;TOURVILLE-LA-RIVIERE;76
77292;MESSY;77
78451;NEZEL;78
89370;ST VALERIEN;89
974409;SAINT-ANDRE;974
04197;SAINTE-TULLE;04
05093;NEVACHE;05
06102;RIMPLAS;06
22081;HILLION;22
25031;AUDINCOURT;25
27051;BEAUMONT LE ROGER;27
28172;GAS;28
30073;CASTILLON-DU-GARD;30
30356;RODILHAN;30
33490;SAINT-VIVIEN-DE-MEDOC;33
38030;BEAUCROISSANT;38
38040;BESSE;38
39154;CLAIRVAUX-LES-LACS;39
50033;BAUBIGNY;50
51065;BLACY;51
54137;CONS-LA-GRANDVILLE;54
56101;LANGUIDIC;56
61169;FLERS;61
69201;SAINTE-FOY-L ARGENTIERE;69
69207;SAINT-GERMAIN-AU-MONT-D OR;69
69238;SAINT SYMPHORIEN SUR COISE;69
69296;SOLAIZE;69
71221;GIVRY;71
73024;LES AVANCHERS VALMOREL;73
74087;CONTAMINE-SUR-ARVE;74
76305;GONFREVILLE L ORCHER;76
77107;CHAUMES-EN-BRIE;77
83004;LES ARCS;83
84039;COURTHEZON;84
85215;SAINT-FULGENT;85
89239;MALAY LE GRAND;89
04178;SAINT-ETIENNE-LES-ORGUES;04
07279;SAINT-MONTAN;07
22360;TREGUEUX;22
26271;LA ROCHE DE GLUN;26
30083;CODOGNAN;30
31488;ST JEAN;31
43262;VIEILLE-BRIOUDE;43
44183;SAINT MOLF;44
59603;TRITH-ST-LEGER;59
62744;SAINTE-CATHERINE;62
64335;LESCAR;64
69024;VAL D'OINGT;69
69154;POLLIONNAY;69
69235;SAINT ROMAIN EN GAL;69
74108;DUINGT;74
74241;SAINT-JEOIRE;74
77369;POINCY;77
77433;BEAUTHEIL-SAINTS;77
83001;LES ADRETS DE L ESTEREL;83
83083;MONTFORT SUR ARGENS;83
83104;RIANS;83
84004;AUBIGNAN;84
84118;SAINT-SATURNIN LES APT;84
84144;VIENS;84
85152;LES ACHARDS;85
91376;MAROLLES-EN-HUREPOIX;91
01142;DAGNEUX;01
03310;VICHY;03
04244;VOLONNE;04
29031;CLOHARS CARNOET;29
30006;AIMARGUES;30
31429;POMPERTUZAT;31
32096;CAZAUBON;32
34180;NEBIAN;34
44084;LOROUX-BOTTEREAU (LE);44
44144;RIAILLE;44
44189;SAINTE-REINE-DE-BRETAGNE;44
45248;PATAY;45
54580;VILLERUPT;54
59352;LINSELLES;59
60666;VER SUR LAUNETTE;60
64237;GELOS;64
64269;IDRON;64
64410;MOURENX;64
69288;SAINT-LAURENT-DE-MURE;69
74169;MARNAZ;74
76216;DEVILLE-LES-ROUEN;76
77447;SEINE-PORT;77
77521;VILLIERS-SUR-MORIN;77
80010;AILLY-SUR-NOYE;80
83067;GONFARON;83
85278;SAINT-VINCENT-SUR-JARD;85
88445;SAULCY-SUR-MEURTHE;88
91080;BOISSY-LE-CUTTE;91
95270;GENAINVILLE;95
03095;CUSSET;03
04069;DEMANDOLX;04
17019;ARS-EN-RE;17
29103;LANDERNEAU;29
30132;LA GRAND COMBE;30
40282;SAINT-SEVER;40
74089;CORDON;74
02755;URCEL;02
05065;GUILLESTRE;05
26008;ANCONE;26
26301;SAINT-DONAT-SUR-L HERBASSE;26
26333;SAINT VALLIER;26
31169;ESCALQUENS;31
31526;LA SALVETAT ST GILLES;31
40217;PARENTIS EN BORN;40
44203;LE TEMPLE DE BRETAGNE;44
45046;BOULAY-LES-BARRES;45
54383;MONT-SUR-MEURTHE;54
55043;BELLEVILLE SUR MEUSE;55
55545;VERDUN;55
62128;BIACHE-SAINT-VAAST;62
69194;SAINT-DIDIER-AU-MONT-D OR;69
69249;THURINS;69
69293;SATHONAY-VILLAGE;69
73029;BARBERAZ;73
78233;FEUCHEROLLES;78
80826;WOIGNARUE;80
85151;MORTAGNE-SUR-SEVRE;85
16341;SAINT-MICHEL;16
18157;MORTHOMIERS;18
22118;LANVALLAY;22
26250;PONT DE L ISERE;26
2A212;PIANA;2A
34037;BOUJAN-SUR-LIBRON;34
38347;ROYBON;38
38377;SAINT-CLAIR-DE-LA-TOUR;38
40036;BENESSE-MAREMNE;40
40243;RION-DES-LANDES;40
42232;SAINT-HAON-LE-CHATEL;42
43012;AUREC-SUR-LOIRE;43
56003;ARRADON;56
60367;LOCONVILLE;60
62609;NEUVILLE-ST-VAAST;62
69250;LA TOUR DE SALVAGNY;69
70026;ARC-LES-GRAY;70
76474;NOTRE-DAME-DE-BONDEVILLE;76
78565;SAINT-MARTIN-DES-CHAMPS;78
83008;BAGNOLS-EN-FORET;83
84012;BEAUMES-DE-VENISE;84
88442;SAPOIS;88
91666;VILLEJUST;91
01248;MIONNAY;01
06042;CLANS;06
08043;BALAN;08
22160;NOYAL;22
26218;MOURS-SAINT-EUSEBE;26
27660;LA TRINITE DE REVILLE;27
29022;CAMARET-SUR-MER;29
29239;ROSCOFF;29
30028;BAGNOLS SUR CEZE;30
32147;GIMONT;32
32160;L ISLE JOURDAIN;32
33213;LA BREDE;33
35177;LA MEZIERE;35
38408;SAINT-JUST-CHALEYSSIN;38
38538;LE VERSOUD;38
51028;AVENAY-VAL-D'OR;51
54076;BLAINVILLE-SUR-L EAU;54
54162;DOMGERMAIN;54
59284;HASNON;59
60325;JAUX;60
62571;MERLIMONT;62
62895;WINGLES;62
65002;ADE;65
65465;VIELLE-AURE;65
69136;MONTAGNY;69
72241;MONTFORT-LE-GESNOIS;72
73013;ALBIEZ-MONTROND;73
74006;ALLONZIER-LA-CAILLE;74
74007;AMANCY;74
77177;FAVIERES;77
77335;CHAUCONIN-NEUFMONTIERS;77
77462;THIEUX;77
78644;VERRIERE (LA);78
79130;FRONTENAY-ROHAN-ROHAN;79
89025;AVALLON;89
91017;ANGERVILLIERS;91
91671;VILLENEUVE-SUR-AUVERS;91
95651;VETHEUIL;95
01450;VILLIEU-LOYES-MOLLON;01
28359;ST REMY SUR AVRE;28
2A119;FRASSETO;2A
30309;SARDAN;30
35130;HEDE-BAZOUGES;35
51663;MAGENTA;51
69080;ECHALAS;69
76114;BOLBEC;76
77238;JOUARRE;77
84009;LA BASTIDE DES JOURDANS;84
85298;VAIRE;85
88116;CORNIMONT;88
95116;BRUYERES-SUR-OISE;95
95509;PUISEUX-EN-FRANCE;95
14243;EQUEMAUVILLE;14
30017;ARRIGAS;30
51649;VITRY LE FRANCOIS;51
88347;PIERREFITTE;88
09160;LAVELANET;09
13027;CHATEAURENARD;13
22020;BROONS;22
26347;TAIN L HERMITAGE;26
33555;MARCHEPRIME;33
43007;ARAULES;43
54257;HEILLECOURT;54
60173;CRAMOISY;60
60450;NEUILLY EN THELLE;60
69036;CERCIE;69
74112;EPAGNY METZ-TESSY;74
77062;CARNETIN;77
77531;VOULX;77
83148;VIDAUBAN;83
84043;ENTRAIGUES-SUR-LA-SORGUE;84
02680;SAINT GOBAIN;02
06023;BREIL-SUR-ROYA;06
06113;SAINTE-AGNES;06
22143;MATIGNON;22
25047;BAUME LES DAMES;25
27016;LES ANDELYS;27
27165;CONCHES EN OUCHE;27
43040;BRIOUDE;43
49140;FONTEVRAUD L ABBAYE;49
49343;LA TESSOUALLE;49
54459;RICHARDMENIL;54
60398;LE MESNIL EN THELLE;60
64374;MAZEROLLES;64
64416;NAVARRENX;64
66187;SAINT-PAUL-DE-FENOUILLET;66
69173;SARCEY;69
69268;VOURLES;69
77081;CHAMPDEUIL;77
83043;COLLOBRIERES;83
83121;SALERNES;83
84070;MALEMORT-DU-COMTAT;84
84074;MERINDOL;84
88101;CHENIMENIL;88
88486;VAGNEY;88
972201;AJOUPA BOUILLON;972
06109;LA ROQUETTE SUR VAR;06
29042;CROZON;29
2A103;CUTTOLI-CORTICCHIATO;2A
30350;LE VIGAN;30
31358;MONTASTRUC LA CONSEILLERE;31
38181;GONCELIN;38
43153;PONT-SALOMON;43
47031;BOE;47
60575;STE GENEVIEVE;60
62785;SAVY-BERLETTE;62
69043;CHAPONOST;69
74088;COPPONEX;74
74250;SAINT-PIERRE-EN-FAUCIGNY;74
77001;ACHERES-LA-FORET;77
77221;GUERMANTES;77
78043;BAILLY;78
84030;CAROMB;84
972222;ROBERT;972
05079;LE MONETIER-LES-BAINS;05
10265;LES NOES PRES TROYES;10
11106;COURSAN;11
17449;TONNAY CHARENTE;17
19272;TULLE;19
21231;DIJON;21
26322;SAINT-PANTALEON-LES-VIGNES;26
27679;VERNEUIL D'AVRE ET D'ITON;27
30255;SAINT-GENIES-DE-MALGOIRES;30
33109;CASTRES GIRONDE;33
34249;SAINT-DREZERY;34
38528;VAULNAVEYS-LE-BAS;38
44213;LOIREAUXENCE;44
48198;VILLEFORT;48
49377;RIVES-DU-LOIR-EN-ANJOU;49
54138;COSNES-ET-ROMAIN;54
54526;TOMBLAINE;54
60489;PEROY LES GOMBRIES;60
69126;MARCY;69
76640;SAINT PIERRE LES ELBEUF;76
76752;YERVILLE;76
95328;LABBEVILLE;95
972230;TRINITE;972
02064;BELLEU;02
02738;TERGNIER;02
06031;CANTARON;06
07255;ST JULIEN EN ST ALBAN;07
07268;SAINT-MARTIN-D' ARDECHE;07
17168;FOURAS;17
28113;COULOMBS;28
28334;ST DENIS-LANNERAY;28
29189;PLOUGASTEL-DAOULAS;29
30075;CAVEIRAC;30
30325;SUMENE;30
33241;LESTIAC-SUR-GARONNE;33
35131;L'HERMITAGE;35
35239;RETIERS;35
37151;LA MEMBROLLE-SUR-CHOISILLE;37
38383;SAINT-ETIENNE-DE-CROSSEY;38
38387;SAINT-GEOIRS;38
39047;BELLEFONTAINE;39
44185;SAINT-NICOLAS-DE-REDON;44
47069;COLAYRAC ST CIRQ;47
54252;HAROUE;54
54432;PONT-SAINT-VINCENT;54
56094;KERVIGNAC;56
56168;PLOUHARNEL;56
62498;LENS;62
63098;CHASTREIX;63
64467;RONTIGNON;64
64511;SAUVAGNON;64
66082;FORMIGUERES;66
71306;MONTCEAU LES MINES;71
76406;MANIQUERVILLE;76
83026;CABASSE;83
86041;BUXEROLLES;86
88178;LES FORGES;88
89267;MONTREAL;89
91560;SAINT-JEAN-DE-BEAUREGARD;91
94048;MAROLLES-EN-BRIE;94
972210;FRANCOIS;972
05017;LA BATIE NEUVE;05
09225;PAMIERS;09
10102;COLOMBE LA FOSSE;10
26037;BEAUMONT LES VALENCE;26
77077;CHAMBRY;77
89100;CHEROY;89
56176;PLUNERET;56
28220;LUISANT;28
2A312;SANTA-MARIA-SICHE;2A
33466;SAINT-QUENTIN-DE-BARON;33
33473;SAINT-SAVIN;33
38194;IZEAUX;38
38537;LA VERPILLIERE;38
51196;CRAMANT;51
59299;HEM;59
69056;CHESSY;69
72269;SAINT CALAIS;72
76005;AMFREVILLE-LA-MIVOIE;76
79049;BRESSUIRE;79
84124;SAUMANE-DE-VAUCLUSE;84
88358;POUXEUX;88
88415;ST-ETIENNE-LES-REMIREMONT;88
04022;BARREME;04
31056;BEAUZELLE;31
37031;BOURGUEIL;37
43268;YSSINGEAUX;43
44052;DONGES;44
59482;QUESNOY SUR DEULE;59
71137;CLUNY;71
74212;GLIERES-VAL-DE-BORNE;74
76095;BIHOREL;76
77317;MORMANT;77
78193;DAMPIERRE-EN-YVELINES;78
78238;FLINS-SUR-SEINE;78
91016;ANGERVILLE;91
01158;FARGES;01
19275;USSEL;19
25254;LES FOURGS;25
30260;SAINT-HILAIRE-D OZILHAN;30
30317;SERNHAC;30
38011;ANTHON;38
38053;BOURGOIN-JALLIEU;38
38100;LE CHEYLAS;38
38193;L'ISLE-D'ABEAU;38
43025;BEAUZAC;43
47195;NERAC;47
56164;PLOEREN;56
63285;PONTGIBAUD;63
66154;PUYVALADOR;66
71475;SAINT-REMY;71
84037;CHATEAUNEUF-DU-PAPE;84
88262;LAVELINE-DEVANT-BRUYERES;88
05085;MONTGENEVRE;05
05111;PUY-SANIERES;05
05164;SAVINES-LE-LAC;05
08053;BAZEILLES;08
14557;SAINT-ARNOULT;14
30174;MONTAREN-ET-SAINT-MEDIERS;30
38002;LES ADRETS;38
38020;AURIS;38
44025;CAMPBON;44
64493;SAINT-PALAIS;64
66024;LE BOULOU;66
77374;PONTCARRE;77
77458;SOUPPES-SUR-LOING;77
95149;CHAUMONTEL;95
95241;FONTENAY-EN-PARISIS;95
972212;GROS MORNE;972
09105;DAUMAZAN-SUR-ARIZE;09
71040;BLANZY;71
02305;FERE EN TARDENOIS;02
30010;ANDUZE;30
33433;SAINT LOUBES;33
72299;SAINT MARS D OUTILLE;72
80620;PERONNE;80
80721;SAINT-VALERY-SUR-SOMME;80
89414;THORIGNY-SUR-OREUSE;89
35284;SAINT-JOUAN-DES-GUERETS;35
45004;AMILLY;45
50099;CARENTAN LES MARAIS;50
54549;VARANGEVILLE;54
78522;ROCHEFORT-EN-YVELINES;78
95014;ANDILLY;95
31282;LAUNAGUET;31
59278;HALLENNES-LEZ-HAUBOURDIN;59
60494;PLAILLY;60
33478;ST-SEURIN-SUR-L ISLE;33
44136;PREFAILLES;44
45281;SAINT-HILAIRE-LES-ANDRESIS;45
60402;LE MEUX;60
60636;THOUROTTE;60
64040;ARETTE;64
64198;DENGUIN;64
77232;ISLES-LES-VILLENOY;77
77435;SAINT-SAUVEUR-SUR-ECOLE;77
83110;ROUGIERS;83
14409;MERVILLE FRANCEVILLE;14
30290;SAINT-PAULET-DE-CAISSON;30
30315;SAZE;30
50615;VALOGNES;50
64538;UHART-CIZE;64
84127;SERIGNAN-DU-COMTAT;84
88270;LIFFOL-LE-GRAND;88
91534;SACLAY;91
45053;BRIARE;45
05133;SAINT-CHAFFREY;05
06151;UTELLE;06
14536;RIVIERE-SAINT-SAUVEUR (LA);14
30210;QUISSAC;30
34114;GIGNAC;34
38205;LANS-EN-VERCORS;38
72029;BEAUMONT SUR SARTHE;72
83116;ST MAXIMIN LA STE BAUME;83
12146;LE MONASTERE;12
17010;ANGOULINS;17
28201;JOUY;28
2A349;VIGGIANELLO;2A
31048;BAZIEGE;31
33138;COUTRAS;33
33402;SAINTE-FOY-LA-GRANDE;33
50066;JULLOUVILLE;50
64522;SEVIGNACQ MEYRACQ;64
69291;SAINT-SYMPHORIEN-D'OZON;69
18005;ALLOUIS;18
26211;MONTSEGUR-SUR-LAUZON;26
71486;SAINT VALLIER;71
78354;MAGNANVILLE;78
83139;TOURTOUR;83
26179;MERCUROL-VEAUNES;26
38140;CROLLES;38
44194;SAUTRON;44
47004;AIGUILLON;47
85001;AIGUILLON-SUR-MER (L );85
88201;GIRANCOURT;88
06099;PUGET-THENIERS;06
25388;MONTBELIARD;25
30179;MONTFRIN;30
33389;SAINT-CIERS-SUR-GIRONDE;33
34116;GRABELS;34
38187;LE GUA;38
44217;VIGNEUX DE BRETAGNE;44
51346;MAREUIL-LE-PORT;51
59172;DENAIN;59
62427;HENIN-BEAUMONT;62
74309;VIRY;74
78474;ORVILLIERS;78
83082;MONTFERRAT;83
28116;COURVILLE SUR EURE;28
39453;RAVILLOLES;39
33268;MARGAUX CANTENAC;33
43205;SAINT JUST MALMONT;43
76325;GREMONVILLE;76
05072;LAYE;05
29256;SAINT-NIC;29
33397;SAINTE EULALIE;33
35326;SENS-DE-BRETAGNE;35
38126;CORENC;38
54542;VALLEROY;54
71073;CHAGNY;71
34173;MONTPEYROUX;34
50410;PONTORSON;50
54518;THIAUCOURT-REGNIEVILLE;54
71479;SAINT SERNIN DU BOIS;71
02318;FOLEMBRAY;02
34163;MONTARNAUD;34
38316;PONT-DE-CHERUY;38
51262;FRIGNICOURT;51
74016;ARCHAMPS;74
76141;BREAUTE;76
77453;SIVRY-COURTRY;77
88367;RAMBERVILLERS;88
01135;CROZET;01
10123;DIENVILLE;10
22225;PLOUMAGOAR;22
30221;ROQUEMAURE;30
30263;ST HIPPOLYTE DU FORT;30
31184;FLOURENS;31
33195;GRIGNOLS;33
33539;VAYRES;33
34209;PORTIRAGNES;34
50412;PORT-BAIL-SUR-MER;50
54483;SAINT-NICOLAS-DE-PORT;54
60119;CAMBRONNE LES RIBECOURT;60
69298;TOUSSIEU;69
88198;GERBEPAL;88
95594;SEUGY;95
26247;PONSAS;26
35195;MONTREUIL-SUR-ILLE;35
35347;VAL-D'IZE;35
44032;CHAPELLE-HEULIN (LA);44
48009;PEYRE EN AUBRAC;48
51029;AVIZE;51
59071;BERSEE;59
70116;CHAGEY;70
74176;MENTHON-SAINT-BERNARD;74
77425;SAINT-MARTIN-EN-BIERE;77
88253;JEUXEY;88
34207;POMEROLS;34
35250;SAINT-ARMEL;35
45061;CEPOY;45
50236;LA HAYE;50
72084;CLERMONT CREANS;72
74137;GROISY;74
76743;VILLERS ECALLES;76
78143;CHATEAUFORT;78
